<?xml version="1.0" encoding="UTF-8"?><ImplementationGuide xmlns="http://hl7.org/fhir"><id value="ans.fhir.fr.as03"/><text><status value="extensions"/><div xmlns="http://www.w3.org/1999/xhtml"><h2>ASDP03</h2><p>The official URL for this implementation guide is: </p><pre>http://interop.esante.gouv.fr/ig/fhir/as03/ImplementationGuide/ans.fhir.fr.as03</pre><div><p>Ressources de conformité basé sur le modèle de l'Annuaire Santé (AS) 1.0 d'exposition des données publiques (DP)</p>
</div></div></text><url value="http://interop.esante.gouv.fr/ig/fhir/as03/ImplementationGuide/ans.fhir.fr.as03"/><version value="0.1.0"/><name value="ASDP03"/><title value="AS DP 0.3"/><status value="active"/><date value="2023-03-14"/><publisher value="ANS"/><contact><name value="ANS"/><telecom><system value="url"/><value value="https://esante.gouv.fr"/></telecom><telecom><system value="email"/><value value="monserviceclient.annuaire@esante.gouv.fr"/></telecom></contact><description value="Ressources de conformité basé sur le modèle de l'Annuaire Santé (AS) 1.0 d'exposition des données publiques (DP)"/><packageId value="ans.fhir.fr.as03"/><license value="CC0-1.0"/><fhirVersion value="4.0.1"/><dependsOn id="hl7tx"><extension url="http://hl7.org/fhir/tools/StructureDefinition/implementationguide-dependency-comment"><valueMarkdown value="Automatically added as a dependency - all IGs depend on HL7 Terminology"/></extension><uri value="http://terminology.hl7.org/ImplementationGuide/hl7.terminology"/><packageId value="hl7.terminology.r4"/><version value="5.0.0"/></dependsOn><dependsOn id="hl7_fhir_fr_core"><uri value="http://fhir.org/packages/hl7.fhir.fr.core/ImplementationGuide/hl7.fhir.fr.core"/><packageId value="hl7.fhir.fr.core"/><version value="1.1.0"/></dependsOn><definition><extension url="http://hl7.org/fhir/tools/StructureDefinition/ig-parameter"><extension url="code"><valueString value="copyrightyear"/></extension><extension url="value"><valueString value="2023+"/></extension></extension><extension url="http://hl7.org/fhir/tools/StructureDefinition/ig-parameter"><extension url="code"><valueString value="releaselabel"/></extension><extension url="value"><valueString value="ci-build"/></extension></extension><extension url="http://hl7.org/fhir/tools/StructureDefinition/ig-parameter"><extension url="code"><valueString value="shownav"/></extension><extension url="value"><valueString value="true"/></extension></extension><extension url="http://hl7.org/fhir/tools/StructureDefinition/ig-parameter"><extension url="code"><valueString value="autoload-resources"/></extension><extension url="value"><valueString value="true"/></extension></extension><extension url="http://hl7.org/fhir/tools/StructureDefinition/ig-parameter"><extension url="code"><valueString value="path-liquid"/></extension><extension url="value"><valueString value="template/liquid"/></extension></extension><extension url="http://hl7.org/fhir/tools/StructureDefinition/ig-parameter"><extension url="code"><valueString value="path-liquid"/></extension><extension url="value"><valueString value="input/liquid"/></extension></extension><extension url="http://hl7.org/fhir/tools/StructureDefinition/ig-parameter"><extension url="code"><valueString value="path-qa"/></extension><extension url="value"><valueString value="temp/qa"/></extension></extension><extension url="http://hl7.org/fhir/tools/StructureDefinition/ig-parameter"><extension url="code"><valueString value="path-temp"/></extension><extension url="value"><valueString value="temp/pages"/></extension></extension><extension url="http://hl7.org/fhir/tools/StructureDefinition/ig-parameter"><extension url="code"><valueString value="path-output"/></extension><extension url="value"><valueString value="output"/></extension></extension><extension url="http://hl7.org/fhir/tools/StructureDefinition/ig-parameter"><extension url="code"><valueString value="path-suppressed-warnings"/></extension><extension url="value"><valueString value="input/ignoreWarnings.txt"/></extension></extension><extension url="http://hl7.org/fhir/tools/StructureDefinition/ig-parameter"><extension url="code"><valueString value="path-history"/></extension><extension url="value"><valueString value="http://interop.esante.gouv.fr/ig/fhir/as03/history.html"/></extension></extension><extension url="http://hl7.org/fhir/tools/StructureDefinition/ig-parameter"><extension url="code"><valueString value="template-html"/></extension><extension url="value"><valueString value="template-page.html"/></extension></extension><extension url="http://hl7.org/fhir/tools/StructureDefinition/ig-parameter"><extension url="code"><valueString value="template-md"/></extension><extension url="value"><valueString value="template-page-md.html"/></extension></extension><extension url="http://hl7.org/fhir/tools/StructureDefinition/ig-parameter"><extension url="code"><valueString value="apply-contact"/></extension><extension url="value"><valueString value="true"/></extension></extension><extension url="http://hl7.org/fhir/tools/StructureDefinition/ig-parameter"><extension url="code"><valueString value="apply-context"/></extension><extension url="value"><valueString value="true"/></extension></extension><extension url="http://hl7.org/fhir/tools/StructureDefinition/ig-parameter"><extension url="code"><valueString value="apply-copyright"/></extension><extension url="value"><valueString value="true"/></extension></extension><extension url="http://hl7.org/fhir/tools/StructureDefinition/ig-parameter"><extension url="code"><valueString value="apply-jurisdiction"/></extension><extension url="value"><valueString value="true"/></extension></extension><extension url="http://hl7.org/fhir/tools/StructureDefinition/ig-parameter"><extension url="code"><valueString value="apply-license"/></extension><extension url="value"><valueString value="true"/></extension></extension><extension url="http://hl7.org/fhir/tools/StructureDefinition/ig-parameter"><extension url="code"><valueString value="apply-publisher"/></extension><extension url="value"><valueString value="true"/></extension></extension><extension url="http://hl7.org/fhir/tools/StructureDefinition/ig-parameter"><extension url="code"><valueString value="apply-version"/></extension><extension url="value"><valueString value="true"/></extension></extension><extension url="http://hl7.org/fhir/tools/StructureDefinition/ig-parameter"><extension url="code"><valueString value="active-tables"/></extension><extension url="value"><valueString value="true"/></extension></extension><extension url="http://hl7.org/fhir/tools/StructureDefinition/ig-parameter"><extension url="code"><valueString value="fmm-definition"/></extension><extension url="value"><valueString value="http://hl7.org/fhir/versions.html#maturity"/></extension></extension><extension url="http://hl7.org/fhir/tools/StructureDefinition/ig-parameter"><extension url="code"><valueString value="propagate-status"/></extension><extension url="value"><valueString value="true"/></extension></extension><extension url="http://hl7.org/fhir/tools/StructureDefinition/ig-parameter"><extension url="code"><valueString value="excludelogbinaryformat"/></extension><extension url="value"><valueString value="true"/></extension></extension><extension url="http://hl7.org/fhir/tools/StructureDefinition/ig-parameter"><extension url="code"><valueString value="tabbed-snapshots"/></extension><extension url="value"><valueString value="true"/></extension></extension><extension url="http://hl7.org/fhir/tools/StructureDefinition/ig-parameter"><extension url="code"><valueString value="copyrightyear"/></extension><extension url="value"><valueString value="2023+"/></extension></extension><extension url="http://hl7.org/fhir/tools/StructureDefinition/ig-parameter"><extension url="code"><valueString value="releaselabel"/></extension><extension url="value"><valueString value="ci-build"/></extension></extension><extension url="http://hl7.org/fhir/tools/StructureDefinition/ig-parameter"><extension url="code"><valueString value="shownav"/></extension><extension url="value"><valueString value="true"/></extension></extension><extension url="http://hl7.org/fhir/tools/StructureDefinition/ig-parameter"><extension url="code"><valueString value="autoload-resources"/></extension><extension url="value"><valueString value="true"/></extension></extension><extension url="http://hl7.org/fhir/tools/StructureDefinition/ig-parameter"><extension url="code"><valueString value="path-liquid"/></extension><extension url="value"><valueString value="template/liquid"/></extension></extension><extension url="http://hl7.org/fhir/tools/StructureDefinition/ig-parameter"><extension url="code"><valueString value="path-liquid"/></extension><extension url="value"><valueString value="input/liquid"/></extension></extension><extension url="http://hl7.org/fhir/tools/StructureDefinition/ig-parameter"><extension url="code"><valueString value="path-qa"/></extension><extension url="value"><valueString value="temp/qa"/></extension></extension><extension url="http://hl7.org/fhir/tools/StructureDefinition/ig-parameter"><extension url="code"><valueString value="path-temp"/></extension><extension url="value"><valueString value="temp/pages"/></extension></extension><extension url="http://hl7.org/fhir/tools/StructureDefinition/ig-parameter"><extension url="code"><valueString value="path-output"/></extension><extension url="value"><valueString value="output"/></extension></extension><extension url="http://hl7.org/fhir/tools/StructureDefinition/ig-parameter"><extension url="code"><valueString value="path-suppressed-warnings"/></extension><extension url="value"><valueString value="input/ignoreWarnings.txt"/></extension></extension><extension url="http://hl7.org/fhir/tools/StructureDefinition/ig-parameter"><extension url="code"><valueString value="path-history"/></extension><extension url="value"><valueString value="http://interop.esante.gouv.fr/ig/fhir/as03/history.html"/></extension></extension><extension url="http://hl7.org/fhir/tools/StructureDefinition/ig-parameter"><extension url="code"><valueString value="template-html"/></extension><extension url="value"><valueString value="template-page.html"/></extension></extension><extension url="http://hl7.org/fhir/tools/StructureDefinition/ig-parameter"><extension url="code"><valueString value="template-md"/></extension><extension url="value"><valueString value="template-page-md.html"/></extension></extension><extension url="http://hl7.org/fhir/tools/StructureDefinition/ig-parameter"><extension url="code"><valueString value="apply-contact"/></extension><extension url="value"><valueString value="true"/></extension></extension><extension url="http://hl7.org/fhir/tools/StructureDefinition/ig-parameter"><extension url="code"><valueString value="apply-context"/></extension><extension url="value"><valueString value="true"/></extension></extension><extension url="http://hl7.org/fhir/tools/StructureDefinition/ig-parameter"><extension url="code"><valueString value="apply-copyright"/></extension><extension url="value"><valueString value="true"/></extension></extension><extension url="http://hl7.org/fhir/tools/StructureDefinition/ig-parameter"><extension url="code"><valueString value="apply-jurisdiction"/></extension><extension url="value"><valueString value="true"/></extension></extension><extension url="http://hl7.org/fhir/tools/StructureDefinition/ig-parameter"><extension url="code"><valueString value="apply-license"/></extension><extension url="value"><valueString value="true"/></extension></extension><extension url="http://hl7.org/fhir/tools/StructureDefinition/ig-parameter"><extension url="code"><valueString value="apply-publisher"/></extension><extension url="value"><valueString value="true"/></extension></extension><extension url="http://hl7.org/fhir/tools/StructureDefinition/ig-parameter"><extension url="code"><valueString value="apply-version"/></extension><extension url="value"><valueString value="true"/></extension></extension><extension url="http://hl7.org/fhir/tools/StructureDefinition/ig-parameter"><extension url="code"><valueString value="active-tables"/></extension><extension url="value"><valueString value="true"/></extension></extension><extension url="http://hl7.org/fhir/tools/StructureDefinition/ig-parameter"><extension url="code"><valueString value="fmm-definition"/></extension><extension url="value"><valueString value="http://hl7.org/fhir/versions.html#maturity"/></extension></extension><extension url="http://hl7.org/fhir/tools/StructureDefinition/ig-parameter"><extension url="code"><valueString value="propagate-status"/></extension><extension url="value"><valueString value="true"/></extension></extension><extension url="http://hl7.org/fhir/tools/StructureDefinition/ig-parameter"><extension url="code"><valueString value="excludelogbinaryformat"/></extension><extension url="value"><valueString value="true"/></extension></extension><extension url="http://hl7.org/fhir/tools/StructureDefinition/ig-parameter"><extension url="code"><valueString value="tabbed-snapshots"/></extension><extension url="value"><valueString value="true"/></extension></extension><extension url="http://hl7.org/fhir/tools/StructureDefinition/ig-parameter"><extension url="code"><valueString value="copyrightyear"/></extension><extension url="value"><valueString value="2023+"/></extension></extension><extension url="http://hl7.org/fhir/tools/StructureDefinition/ig-parameter"><extension url="code"><valueString value="releaselabel"/></extension><extension url="value"><valueString value="ci-build"/></extension></extension><extension url="http://hl7.org/fhir/tools/StructureDefinition/ig-parameter"><extension url="code"><valueString value="shownav"/></extension><extension url="value"><valueString value="true"/></extension></extension><extension url="http://hl7.org/fhir/tools/StructureDefinition/ig-parameter"><extension url="code"><valueString value="autoload-resources"/></extension><extension url="value"><valueString value="true"/></extension></extension><extension url="http://hl7.org/fhir/tools/StructureDefinition/ig-parameter"><extension url="code"><valueString value="path-liquid"/></extension><extension url="value"><valueString value="template/liquid"/></extension></extension><extension url="http://hl7.org/fhir/tools/StructureDefinition/ig-parameter"><extension url="code"><valueString value="path-liquid"/></extension><extension url="value"><valueString value="input/liquid"/></extension></extension><extension url="http://hl7.org/fhir/tools/StructureDefinition/ig-parameter"><extension url="code"><valueString value="path-qa"/></extension><extension url="value"><valueString value="temp/qa"/></extension></extension><extension url="http://hl7.org/fhir/tools/StructureDefinition/ig-parameter"><extension url="code"><valueString value="path-temp"/></extension><extension url="value"><valueString value="temp/pages"/></extension></extension><extension url="http://hl7.org/fhir/tools/StructureDefinition/ig-parameter"><extension url="code"><valueString value="path-output"/></extension><extension url="value"><valueString value="output"/></extension></extension><extension url="http://hl7.org/fhir/tools/StructureDefinition/ig-parameter"><extension url="code"><valueString value="path-suppressed-warnings"/></extension><extension url="value"><valueString value="input/ignoreWarnings.txt"/></extension></extension><extension url="http://hl7.org/fhir/tools/StructureDefinition/ig-parameter"><extension url="code"><valueString value="path-history"/></extension><extension url="value"><valueString value="http://interop.esante.gouv.fr/ig/fhir/as03/history.html"/></extension></extension><extension url="http://hl7.org/fhir/tools/StructureDefinition/ig-parameter"><extension url="code"><valueString value="template-html"/></extension><extension url="value"><valueString value="template-page.html"/></extension></extension><extension url="http://hl7.org/fhir/tools/StructureDefinition/ig-parameter"><extension url="code"><valueString value="template-md"/></extension><extension url="value"><valueString value="template-page-md.html"/></extension></extension><extension url="http://hl7.org/fhir/tools/StructureDefinition/ig-parameter"><extension url="code"><valueString value="apply-contact"/></extension><extension url="value"><valueString value="true"/></extension></extension><extension url="http://hl7.org/fhir/tools/StructureDefinition/ig-parameter"><extension url="code"><valueString value="apply-context"/></extension><extension url="value"><valueString value="true"/></extension></extension><extension url="http://hl7.org/fhir/tools/StructureDefinition/ig-parameter"><extension url="code"><valueString value="apply-copyright"/></extension><extension url="value"><valueString value="true"/></extension></extension><extension url="http://hl7.org/fhir/tools/StructureDefinition/ig-parameter"><extension url="code"><valueString value="apply-jurisdiction"/></extension><extension url="value"><valueString value="true"/></extension></extension><extension url="http://hl7.org/fhir/tools/StructureDefinition/ig-parameter"><extension url="code"><valueString value="apply-license"/></extension><extension url="value"><valueString value="true"/></extension></extension><extension url="http://hl7.org/fhir/tools/StructureDefinition/ig-parameter"><extension url="code"><valueString value="apply-publisher"/></extension><extension url="value"><valueString value="true"/></extension></extension><extension url="http://hl7.org/fhir/tools/StructureDefinition/ig-parameter"><extension url="code"><valueString value="apply-version"/></extension><extension url="value"><valueString value="true"/></extension></extension><extension url="http://hl7.org/fhir/tools/StructureDefinition/ig-parameter"><extension url="code"><valueString value="active-tables"/></extension><extension url="value"><valueString value="true"/></extension></extension><extension url="http://hl7.org/fhir/tools/StructureDefinition/ig-parameter"><extension url="code"><valueString value="fmm-definition"/></extension><extension url="value"><valueString value="http://hl7.org/fhir/versions.html#maturity"/></extension></extension><extension url="http://hl7.org/fhir/tools/StructureDefinition/ig-parameter"><extension url="code"><valueString value="propagate-status"/></extension><extension url="value"><valueString value="true"/></extension></extension><extension url="http://hl7.org/fhir/tools/StructureDefinition/ig-parameter"><extension url="code"><valueString value="excludelogbinaryformat"/></extension><extension url="value"><valueString value="true"/></extension></extension><extension url="http://hl7.org/fhir/tools/StructureDefinition/ig-parameter"><extension url="code"><valueString value="tabbed-snapshots"/></extension><extension url="value"><valueString value="true"/></extension></extension><grouping id="-str-profile"><name value="Structures: Resource Profiles"/><description value="Ces structures définissent les contraintes sur les ressources FHIR par les systèmes conformes à cet Implementation Guide (IG)."/></grouping><grouping id="-str-datatype"><name value="Structures: Data Type Profiles"/><description value="Ces structures définissent les contraintes sur les types de données FHIR par les systèmes conformes à cet Implementation Guide (IG)."/></grouping><grouping id="-str-extension"><name value="Structures: Extension Definitions"/><description value="Ces structures définissent les contraintes sur les extensions FHIR par les systèmes conformes à cet Implementation Guide (IG)."/></grouping><resource><extension url="http://hl7.org/fhir/StructureDefinition/implementationguide-page"><valueUri value="StructureDefinition-AS-Device.html"/></extension><reference><reference value="StructureDefinition/AS-Device"/></reference><name value="ASDevice"/><description value="Profil créé à partir de la ressource Device dans le cadre de l'annuaire santé - décrit les équipements matériels lourds ('EML') mis en oeuvre au sein d'établissements."/><exampleBoolean value="false"/><groupingId value="-str-profile"/></resource><resource><extension url="http://hl7.org/fhir/StructureDefinition/implementationguide-page"><valueUri value="StructureDefinition-AS-HealthcareService-HealthCareActivity.html"/></extension><reference><reference value="StructureDefinition/AS-HealthcareService-HealthCareActivity"/></reference><name value="ASHealthcareServiceHealthCareActivity"/><description value="Profil créé à partir de la ressource HealthcareService dans le cadre de l'annuaire santé - décrit les activités sanitaires rattachées aux etablisemments FINESS."/><exampleBoolean value="false"/><groupingId value="-str-profile"/></resource><resource><extension url="http://hl7.org/fhir/StructureDefinition/implementationguide-page"><valueUri value="StructureDefinition-AS-HealthcareService-SocialEquipment.html"/></extension><reference><reference value="StructureDefinition/AS-HealthcareService-SocialEquipment"/></reference><name value="ASHealthcareServiceSocialEquipment"/><description value="Profil créé à partir de la ressource HealthcareService dans le cadre de l'annuaire santé - décrit les équipements sociaux représentant les activités des établissements du domaine social et médico-social enregistrés dans FINESS."/><exampleBoolean value="false"/><groupingId value="-str-profile"/></resource><resource><extension url="http://hl7.org/fhir/StructureDefinition/implementationguide-page"><valueUri value="StructureDefinition-AS-Location.html"/></extension><reference><reference value="StructureDefinition/AS-Location"/></reference><name value="ASLocation"/><description value="Profil créé à partir de la ressource Location dans le cadre de l'annuaire santé - Location contained dans le profil Situation d'exercice de PractitionerRole -  contient l'adresse d'activité du professionnel."/><exampleBoolean value="false"/><groupingId value="-str-profile"/></resource><resource><extension url="http://hl7.org/fhir/StructureDefinition/implementationguide-page"><valueUri value="StructureDefinition-AS-Organization.html"/></extension><reference><reference value="StructureDefinition/AS-Organization"/></reference><name value="ASOrganization"/><description value="Profil créé à partir de la ressource FrOrganization dans le cadre de l'annuaire santé - décrit les organismes du domaine sanitaire, médico-social et social."/><exampleBoolean value="false"/><groupingId value="-str-profile"/></resource><resource><extension url="http://hl7.org/fhir/StructureDefinition/implementationguide-page"><valueUri value="StructureDefinition-AS-Practitioner.html"/></extension><reference><reference value="StructureDefinition/AS-Practitioner"/></reference><name value="ASPractitioner"/><description value="Profil créé à partir de la ressource Practitioner dans le cadre de l'annuaire santé - décrit les données d'identification pérennes d’une personne physique, qui travaille en tant que professionnel (professionnel enregistré dans RPPS ou ADELI), personnel autorisé ou personnel d’établissement, dans les domaines sanitaire, médico-social et social."/><exampleBoolean value="false"/><groupingId value="-str-profile"/></resource><resource><extension url="http://hl7.org/fhir/StructureDefinition/implementationguide-page"><valueUri value="StructureDefinition-AS-PractitionerRole.html"/></extension><reference><reference value="StructureDefinition/AS-PractitionerRole"/></reference><name value="ASPractitionerRole"/><description value="Profil créé à partir de la ressource PractitionerRole dans le cadre de l'annuaire santé - décrit l'exercice professionel et la situation d'exercice - contient les informations décrivant notamment la profession exercée, l'identité d'exercice d'un professionnel, le cadre de son exercice (civil, militaire, etc.) ainsi que les aractéristiques de l'exercice d’un professionnel pendant une période déterminée et dans une structure déterminée"/><exampleBoolean value="false"/><groupingId value="-str-profile"/></resource><resource><extension url="http://hl7.org/fhir/StructureDefinition/implementationguide-page"><valueUri value="StructureDefinition-AS-PractitionerRole-Ameli.html"/></extension><reference><reference value="StructureDefinition/AS-PractitionerRole-Ameli"/></reference><name value="ASPractitionerRoleAmeli"/><description value="Profil créé à partir de la ressource PractitionerRole dans le cadre de l'annuaire santé - décrit les caractéristiques opérationnelles de l’exercice d’un professionnel au sein d’une organisation interne."/><exampleBoolean value="false"/><groupingId value="-str-profile"/></resource><resource><extension url="http://hl7.org/fhir/StructureDefinition/implementationguide-page"><valueUri value="StructureDefinition-CodeableConcept-Timed.html"/></extension><reference><reference value="StructureDefinition/CodeableConcept-Timed"/></reference><name value="CodeableConceptTimed"/><exampleBoolean value="false"/><groupingId value="-str-datatype"/></resource><resource><extension url="http://hl7.org/fhir/StructureDefinition/implementationguide-page"><valueUri value="StructureDefinition-Fr-Address-Extended.html"/></extension><reference><reference value="StructureDefinition/Fr-Address-Extended"/></reference><name value="FrAddressExtended"/><exampleBoolean value="false"/><groupingId value="-str-datatype"/></resource><resource><extension url="http://hl7.org/fhir/StructureDefinition/implementationguide-page"><valueUri value="StructureDefinition-Address-Country-Code.html"/></extension><reference><reference value="StructureDefinition/Address-Country-Code"/></reference><name value="AdressCountryCode"/><description value="Code pays"/><exampleBoolean value="false"/><groupingId value="-str-extension"/></resource><resource><extension url="http://hl7.org/fhir/StructureDefinition/implementationguide-page"><valueUri value="StructureDefinition-CodeableConcept-Period.html"/></extension><reference><reference value="StructureDefinition/CodeableConcept-Period"/></reference><name value="CodeableConceptPeriod"/><description value="Extension of type Period on CodeableConcept type"/><exampleBoolean value="false"/><groupingId value="-str-extension"/></resource><resource><extension url="http://hl7.org/fhir/StructureDefinition/implementationguide-page"><valueUri value="StructureDefinition-Device-AuthorizationDateDevice.html"/></extension><reference><reference value="StructureDefinition/Device-AuthorizationDateDevice"/></reference><name value="DeviceAuthorizationDateDevice"/><exampleBoolean value="false"/><groupingId value="-str-extension"/></resource><resource><extension url="http://hl7.org/fhir/StructureDefinition/implementationguide-page"><valueUri value="StructureDefinition-Device-NumberAuthorizationARHGOS.html"/></extension><reference><reference value="StructureDefinition/Device-NumberAuthorizationARHGOS"/></reference><name value="DeviceNumberaAuthorizationARHGOS"/><exampleBoolean value="false"/><groupingId value="-str-extension"/></resource><resource><extension url="http://hl7.org/fhir/StructureDefinition/implementationguide-page"><valueUri value="StructureDefinition-Device-PeriodImplantation.html"/></extension><reference><reference value="StructureDefinition/Device-PeriodImplantation"/></reference><name value="DevicePeriodImplantation"/><exampleBoolean value="false"/><groupingId value="-str-extension"/></resource><resource><extension url="http://hl7.org/fhir/StructureDefinition/implementationguide-page"><valueUri value="StructureDefinition-DigitalCertificate.html"/></extension><reference><reference value="StructureDefinition/DigitalCertificate"/></reference><name value="DigitalCertificate"/><description value="Informations descriptives du moyen d’identification par certificat. Il s'agit des certificats utilisés par les professionnels et les structures"/><exampleBoolean value="false"/><groupingId value="-str-extension"/></resource><resource><extension url="http://hl7.org/fhir/StructureDefinition/implementationguide-page"><valueUri value="StructureDefinition-French-Department.html"/></extension><reference><reference value="StructureDefinition/French-Department"/></reference><name value="FrenchDepartment"/><description value="Département français"/><exampleBoolean value="false"/><groupingId value="-str-extension"/></resource><resource><extension url="http://hl7.org/fhir/StructureDefinition/implementationguide-page"><valueUri value="StructureDefinition-HealthcareService-ActivityType.html"/></extension><reference><reference value="StructureDefinition/HealthcareService-ActivityType"/></reference><name value="HealthcareServiceActivityType"/><exampleBoolean value="false"/><groupingId value="-str-extension"/></resource><resource><extension url="http://hl7.org/fhir/StructureDefinition/implementationguide-page"><valueUri value="StructureDefinition-HealthcareService-AuthorizationDate.html"/></extension><reference><reference value="StructureDefinition/HealthcareService-AuthorizationDate"/></reference><name value="HealthcareServiceAuthorizationDate"/><exampleBoolean value="false"/><groupingId value="-str-extension"/></resource><resource><extension url="http://hl7.org/fhir/StructureDefinition/implementationguide-page"><valueUri value="StructureDefinition-HealthcareService-AuthorizationNumberARHGOS.html"/></extension><reference><reference value="StructureDefinition/HealthcareService-AuthorizationNumberARHGOS"/></reference><name value="HealthcareServiceAuthorizationNumberARHGOS"/><exampleBoolean value="false"/><groupingId value="-str-extension"/></resource><resource><extension url="http://hl7.org/fhir/StructureDefinition/implementationguide-page"><valueUri value="StructureDefinition-HealthcareService-DateUpdateActivity.html"/></extension><reference><reference value="StructureDefinition/HealthcareService-DateUpdateActivity"/></reference><name value="HealthcareServiceDateUpdateActivity"/><exampleBoolean value="false"/><groupingId value="-str-extension"/></resource><resource><extension url="http://hl7.org/fhir/StructureDefinition/implementationguide-page"><valueUri value="StructureDefinition-HealthcareService-DeleteAutorizationImplantation.html"/></extension><reference><reference value="StructureDefinition/HealthcareService-DeleteAutorizationImplantation"/></reference><name value="HealthcareServiceDeleteAutorizationImplantation"/><exampleBoolean value="false"/><groupingId value="-str-extension"/></resource><resource><extension url="http://hl7.org/fhir/StructureDefinition/implementationguide-page"><valueUri value="StructureDefinition-HealthcareService-ImplementationPeriod.html"/></extension><reference><reference value="StructureDefinition/HealthcareService-ImplementationPeriod"/></reference><name value="HealthcareServiceImplementationPeriod"/><exampleBoolean value="false"/><groupingId value="-str-extension"/></resource><resource><extension url="http://hl7.org/fhir/StructureDefinition/implementationguide-page"><valueUri value="StructureDefinition-HealthcareService-InstallationDate.html"/></extension><reference><reference value="StructureDefinition/HealthcareService-InstallationDate"/></reference><name value="HealthcareServiceInstallationDate"/><exampleBoolean value="false"/><groupingId value="-str-extension"/></resource><resource><extension url="http://hl7.org/fhir/StructureDefinition/implementationguide-page"><valueUri value="StructureDefinition-MailboxMSS.html"/></extension><reference><reference value="StructureDefinition/MailboxMSS"/></reference><name value="MailboxMSS"/><description value="Informations descriptives des boîtes aux lettres du service de messagerie sécurisée de santé (MSSanté) rattachées aux professionnels et aux structures."/><exampleBoolean value="false"/><groupingId value="-str-extension"/></resource><resource><extension url="http://hl7.org/fhir/StructureDefinition/implementationguide-page"><valueUri value="StructureDefinition-Organization-PharmacyLicence.html"/></extension><reference><reference value="StructureDefinition/Organization-PharmacyLicence"/></reference><name value="OrganizationPharmacyLicence"/><description value="Numéro de licence officine"/><exampleBoolean value="false"/><groupingId value="-str-extension"/></resource><resource><extension url="http://hl7.org/fhir/StructureDefinition/implementationguide-page"><valueUri value="StructureDefinition-Practitioner-Authorization.html"/></extension><reference><reference value="StructureDefinition/Practitioner-Authorization"/></reference><name value="PractitionerAuthorization"/><description value="Autorisation d'exercice"/><exampleBoolean value="false"/><groupingId value="-str-extension"/></resource><resource><extension url="http://hl7.org/fhir/StructureDefinition/implementationguide-page"><valueUri value="StructureDefinition-Practitioner-BirthPlace.html"/></extension><reference><reference value="StructureDefinition/Practitioner-BirthPlace"/></reference><name value="PractitionerBirthPlace"/><exampleBoolean value="false"/><groupingId value="-str-extension"/></resource><resource><extension url="http://hl7.org/fhir/StructureDefinition/implementationguide-page"><valueUri value="StructureDefinition-Practitioner-DeceasedDateTime.html"/></extension><reference><reference value="StructureDefinition/Practitioner-DeceasedDateTime"/></reference><name value="PractitionerDeceasedDateTime"/><description value="Date of death of the practitioner if applicable."/><exampleBoolean value="false"/><groupingId value="-str-extension"/></resource><resource><extension url="http://hl7.org/fhir/StructureDefinition/implementationguide-page"><valueUri value="StructureDefinition-Practitioner-Nationality.html"/></extension><reference><reference value="StructureDefinition/Practitioner-Nationality"/></reference><name value="PractitionerNationality"/><exampleBoolean value="false"/><groupingId value="-str-extension"/></resource><resource><extension url="http://hl7.org/fhir/StructureDefinition/implementationguide-page"><valueUri value="StructureDefinition-PractitionerRole-ActivityType.html"/></extension><reference><reference value="StructureDefinition/PractitionerRole-ActivityType"/></reference><name value="PractitionerRoleActivityType"/><exampleBoolean value="false"/><groupingId value="-str-extension"/></resource><resource><extension url="http://hl7.org/fhir/StructureDefinition/implementationguide-page"><valueUri value="StructureDefinition-PractitionerRole-AppointmentRequired.html"/></extension><reference><reference value="StructureDefinition/PractitionerRole-AppointmentRequired"/></reference><name value="PractitionerRoleAppointmentRequired"/><exampleBoolean value="false"/><groupingId value="-str-extension"/></resource><resource><extension url="http://hl7.org/fhir/StructureDefinition/implementationguide-page"><valueUri value="StructureDefinition-PractitionerRole-Contracted.html"/></extension><reference><reference value="StructureDefinition/PractitionerRole-Contracted"/></reference><name value="PractitionerRoleContracted"/><exampleBoolean value="false"/><groupingId value="-str-extension"/></resource><resource><extension url="http://hl7.org/fhir/StructureDefinition/implementationguide-page"><valueUri value="StructureDefinition-PractitionerRole-EducationLevel.html"/></extension><reference><reference value="StructureDefinition/PractitionerRole-EducationLevel"/></reference><name value="PractitionerRoleEducationLevel"/><description value="Niveau de formation acquis de l'étudiant."/><exampleBoolean value="false"/><groupingId value="-str-extension"/></resource><resource><extension url="http://hl7.org/fhir/StructureDefinition/implementationguide-page"><valueUri value="StructureDefinition-PractitionerRole-EndCause.html"/></extension><reference><reference value="StructureDefinition/PractitionerRole-EndCause"/></reference><name value="PractitionerRoleEndCause"/><description value="Motif de fin d'activité"/><exampleBoolean value="false"/><groupingId value="-str-extension"/></resource><resource><extension url="http://hl7.org/fhir/StructureDefinition/implementationguide-page"><valueUri value="StructureDefinition-PractitionerRole-HasCAS.html"/></extension><reference><reference value="StructureDefinition/PractitionerRole-HasCAS"/></reference><name value="PractitionerRoleHasCAS"/><exampleBoolean value="false"/><groupingId value="-str-extension"/></resource><resource><extension url="http://hl7.org/fhir/StructureDefinition/implementationguide-page"><valueUri value="StructureDefinition-PractitionerRole-HomeCare.html"/></extension><reference><reference value="StructureDefinition/PractitionerRole-HomeCare"/></reference><name value="PractitionerRoleHomeCare"/><exampleBoolean value="false"/><groupingId value="-str-extension"/></resource><resource><extension url="http://hl7.org/fhir/StructureDefinition/implementationguide-page"><valueUri value="StructureDefinition-PractitionerRole-Name.html"/></extension><reference><reference value="StructureDefinition/PractitionerRole-Name"/></reference><name value="PractitionerRoleName"/><description value="Nom d'exercice"/><exampleBoolean value="false"/><groupingId value="-str-extension"/></resource><resource><extension url="http://hl7.org/fhir/StructureDefinition/implementationguide-page"><valueUri value="StructureDefinition-PractitionerRole-PartOf.html"/></extension><reference><reference value="StructureDefinition/PractitionerRole-PartOf"/></reference><name value="PractitionerRolePartOf"/><description value="Permet de faire le lien avec un exercice professionnel. Cette extension est à utiliser dans le profil situation d'exercice de la ressource PractitionerRole."/><exampleBoolean value="false"/><groupingId value="-str-extension"/></resource><resource><extension url="http://hl7.org/fhir/StructureDefinition/implementationguide-page"><valueUri value="StructureDefinition-practitionerRole-PracticeRegion.html"/></extension><reference><reference value="StructureDefinition/practitionerRole-PracticeRegion"/></reference><name value="PractitionerRolePracticeRegion"/><description value="Région d'exercice du professionnel"/><exampleBoolean value="false"/><groupingId value="-str-extension"/></resource><resource><extension url="http://hl7.org/fhir/StructureDefinition/implementationguide-page"><valueUri value="StructureDefinition-PractitionerRole-Registration.html"/></extension><reference><reference value="StructureDefinition/PractitionerRole-Registration"/></reference><name value="PractitionerRoleRegistration"/><description value="Inscription/référencement du professionnel. Première inscription si &quot;isFirst = true&quot;."/><exampleBoolean value="false"/><groupingId value="-str-extension"/></resource><resource><extension url="http://hl7.org/fhir/StructureDefinition/implementationguide-page"><valueUri value="StructureDefinition-PractitionerRole-SmartCard.html"/></extension><reference><reference value="StructureDefinition/PractitionerRole-SmartCard"/></reference><name value="PractitionerRoleSmartCard"/><description value="Informations descriptives du moyen d’identification des personnes physiques via une carte de professionnel."/><exampleBoolean value="false"/><groupingId value="-str-extension"/></resource><resource><extension url="http://hl7.org/fhir/StructureDefinition/implementationguide-page"><valueUri value="StructureDefinition-PractitionerRole-VitaleAccepted.html"/></extension><reference><reference value="StructureDefinition/PractitionerRole-VitaleAccepted"/></reference><name value="PractitionerRoleVitaleAccepted"/><exampleBoolean value="false"/><groupingId value="-str-extension"/></resource><page><extension url="http://hl7.org/fhir/tools/StructureDefinition/ig-page-name"><valueUrl value="toc.html"/></extension><nameUrl value="toc.html"/><title value="Table of Contents"/><generation value="html"/><page><extension url="http://hl7.org/fhir/tools/StructureDefinition/ig-page-name"><valueUrl value="index.html"/></extension><nameUrl value="index.html"/><title value="Accueil"/><generation value="markdown"/></page><page><extension url="http://hl7.org/fhir/tools/StructureDefinition/ig-page-name"><valueUrl value="specifications_fonctionnelles.html"/></extension><nameUrl value="specifications_fonctionnelles.html"/><title value="Specifications Fonctionnelles"/><generation value="markdown"/></page><page><extension url="http://hl7.org/fhir/tools/StructureDefinition/ig-page-name"><valueUrl value="specifications_techniques.html"/></extension><nameUrl value="specifications_techniques.html"/><title value="Specifications Techniques"/><generation value="markdown"/></page><page><extension url="http://hl7.org/fhir/tools/StructureDefinition/ig-page-name"><valueUrl value="downloads.html"/></extension><nameUrl value="downloads.html"/><title value="Téléchargements et usages"/><generation value="markdown"/><page><extension url="http://hl7.org/fhir/tools/StructureDefinition/ig-page-name"><valueUrl value="securite.html"/></extension><nameUrl value="securite.html"/><title value="Sécurité"/><generation value="markdown"/></page></page><page><extension url="http://hl7.org/fhir/tools/StructureDefinition/ig-page-name"><valueUrl value="autres_ressources.html"/></extension><nameUrl value="autres_ressources.html"/><title value="Autres Ressources"/><generation value="markdown"/></page><page><extension url="http://hl7.org/fhir/tools/StructureDefinition/ig-page-name"><valueUrl value="about.html"/></extension><nameUrl value="about.html"/><title value="A propos de ce guide"/><generation value="markdown"/></page><page><extension url="http://hl7.org/fhir/tools/StructureDefinition/ig-page-name"><valueUrl value="artifacts.html"/></extension><nameUrl value="artifacts.html"/><title value="Artifacts Summary"/><generation value="html"/><page><extension url="http://hl7.org/fhir/tools/StructureDefinition/ig-page-name"><valueUrl value="StructureDefinition-AS-Device.html"/></extension><nameUrl value="StructureDefinition-AS-Device.html"/><title value="ASDevice"/><generation value="generated"/></page><page><extension url="http://hl7.org/fhir/tools/StructureDefinition/ig-page-name"><valueUrl value="StructureDefinition-AS-HealthcareService-HealthCareActivity.html"/></extension><nameUrl value="StructureDefinition-AS-HealthcareService-HealthCareActivity.html"/><title value="ASHealthcareServiceHealthCareActivity"/><generation value="generated"/></page><page><extension url="http://hl7.org/fhir/tools/StructureDefinition/ig-page-name"><valueUrl value="StructureDefinition-AS-HealthcareService-SocialEquipment.html"/></extension><nameUrl value="StructureDefinition-AS-HealthcareService-SocialEquipment.html"/><title value="ASHealthcareServiceSocialEquipment"/><generation value="generated"/></page><page><extension url="http://hl7.org/fhir/tools/StructureDefinition/ig-page-name"><valueUrl value="StructureDefinition-AS-Location.html"/></extension><nameUrl value="StructureDefinition-AS-Location.html"/><title value="ASLocation"/><generation value="generated"/></page><page><extension url="http://hl7.org/fhir/tools/StructureDefinition/ig-page-name"><valueUrl value="StructureDefinition-AS-Organization.html"/></extension><nameUrl value="StructureDefinition-AS-Organization.html"/><title value="ASOrganization"/><generation value="generated"/></page><page><extension url="http://hl7.org/fhir/tools/StructureDefinition/ig-page-name"><valueUrl value="StructureDefinition-AS-Practitioner.html"/></extension><nameUrl value="StructureDefinition-AS-Practitioner.html"/><title value="ASPractitioner"/><generation value="generated"/></page><page><extension url="http://hl7.org/fhir/tools/StructureDefinition/ig-page-name"><valueUrl value="StructureDefinition-AS-PractitionerRole.html"/></extension><nameUrl value="StructureDefinition-AS-PractitionerRole.html"/><title value="ASPractitionerRole"/><generation value="generated"/></page><page><extension url="http://hl7.org/fhir/tools/StructureDefinition/ig-page-name"><valueUrl value="StructureDefinition-AS-PractitionerRole-Ameli.html"/></extension><nameUrl value="StructureDefinition-AS-PractitionerRole-Ameli.html"/><title value="ASPractitionerRoleAmeli"/><generation value="generated"/></page><page><extension url="http://hl7.org/fhir/tools/StructureDefinition/ig-page-name"><valueUrl value="StructureDefinition-CodeableConcept-Timed.html"/></extension><nameUrl value="StructureDefinition-CodeableConcept-Timed.html"/><title value="CodeableConceptTimed"/><generation value="generated"/></page><page><extension url="http://hl7.org/fhir/tools/StructureDefinition/ig-page-name"><valueUrl value="StructureDefinition-Fr-Address-Extended.html"/></extension><nameUrl value="StructureDefinition-Fr-Address-Extended.html"/><title value="FrAddressExtended"/><generation value="generated"/></page><page><extension url="http://hl7.org/fhir/tools/StructureDefinition/ig-page-name"><valueUrl value="StructureDefinition-Address-Country-Code.html"/></extension><nameUrl value="StructureDefinition-Address-Country-Code.html"/><title value="AdressCountryCode"/><generation value="generated"/></page><page><extension url="http://hl7.org/fhir/tools/StructureDefinition/ig-page-name"><valueUrl value="StructureDefinition-CodeableConcept-Period.html"/></extension><nameUrl value="StructureDefinition-CodeableConcept-Period.html"/><title value="CodeableConceptPeriod"/><generation value="generated"/></page><page><extension url="http://hl7.org/fhir/tools/StructureDefinition/ig-page-name"><valueUrl value="StructureDefinition-Device-AuthorizationDateDevice.html"/></extension><nameUrl value="StructureDefinition-Device-AuthorizationDateDevice.html"/><title value="DeviceAuthorizationDateDevice"/><generation value="generated"/></page><page><extension url="http://hl7.org/fhir/tools/StructureDefinition/ig-page-name"><valueUrl value="StructureDefinition-Device-NumberAuthorizationARHGOS.html"/></extension><nameUrl value="StructureDefinition-Device-NumberAuthorizationARHGOS.html"/><title value="DeviceNumberaAuthorizationARHGOS"/><generation value="generated"/></page><page><extension url="http://hl7.org/fhir/tools/StructureDefinition/ig-page-name"><valueUrl value="StructureDefinition-Device-PeriodImplantation.html"/></extension><nameUrl value="StructureDefinition-Device-PeriodImplantation.html"/><title value="DevicePeriodImplantation"/><generation value="generated"/></page><page><extension url="http://hl7.org/fhir/tools/StructureDefinition/ig-page-name"><valueUrl value="StructureDefinition-DigitalCertificate.html"/></extension><nameUrl value="StructureDefinition-DigitalCertificate.html"/><title value="DigitalCertificate"/><generation value="generated"/></page><page><extension url="http://hl7.org/fhir/tools/StructureDefinition/ig-page-name"><valueUrl value="StructureDefinition-French-Department.html"/></extension><nameUrl value="StructureDefinition-French-Department.html"/><title value="FrenchDepartment"/><generation value="generated"/></page><page><extension url="http://hl7.org/fhir/tools/StructureDefinition/ig-page-name"><valueUrl value="StructureDefinition-HealthcareService-ActivityType.html"/></extension><nameUrl value="StructureDefinition-HealthcareService-ActivityType.html"/><title value="HealthcareServiceActivityType"/><generation value="generated"/></page><page><extension url="http://hl7.org/fhir/tools/StructureDefinition/ig-page-name"><valueUrl value="StructureDefinition-HealthcareService-AuthorizationDate.html"/></extension><nameUrl value="StructureDefinition-HealthcareService-AuthorizationDate.html"/><title value="HealthcareServiceAuthorizationDate"/><generation value="generated"/></page><page><extension url="http://hl7.org/fhir/tools/StructureDefinition/ig-page-name"><valueUrl value="StructureDefinition-HealthcareService-AuthorizationNumberARHGOS.html"/></extension><nameUrl value="StructureDefinition-HealthcareService-AuthorizationNumberARHGOS.html"/><title value="HealthcareServiceAuthorizationNumberARHGOS"/><generation value="generated"/></page><page><extension url="http://hl7.org/fhir/tools/StructureDefinition/ig-page-name"><valueUrl value="StructureDefinition-HealthcareService-DateUpdateActivity.html"/></extension><nameUrl value="StructureDefinition-HealthcareService-DateUpdateActivity.html"/><title value="HealthcareServiceDateUpdateActivity"/><generation value="generated"/></page><page><extension url="http://hl7.org/fhir/tools/StructureDefinition/ig-page-name"><valueUrl value="StructureDefinition-HealthcareService-DeleteAutorizationImplantation.html"/></extension><nameUrl value="StructureDefinition-HealthcareService-DeleteAutorizationImplantation.html"/><title value="HealthcareServiceDeleteAutorizationImplantation"/><generation value="generated"/></page><page><extension url="http://hl7.org/fhir/tools/StructureDefinition/ig-page-name"><valueUrl value="StructureDefinition-HealthcareService-ImplementationPeriod.html"/></extension><nameUrl value="StructureDefinition-HealthcareService-ImplementationPeriod.html"/><title value="HealthcareServiceImplementationPeriod"/><generation value="generated"/></page><page><extension url="http://hl7.org/fhir/tools/StructureDefinition/ig-page-name"><valueUrl value="StructureDefinition-HealthcareService-InstallationDate.html"/></extension><nameUrl value="StructureDefinition-HealthcareService-InstallationDate.html"/><title value="HealthcareServiceInstallationDate"/><generation value="generated"/></page><page><extension url="http://hl7.org/fhir/tools/StructureDefinition/ig-page-name"><valueUrl value="StructureDefinition-MailboxMSS.html"/></extension><nameUrl value="StructureDefinition-MailboxMSS.html"/><title value="MailboxMSS"/><generation value="generated"/></page><page><extension url="http://hl7.org/fhir/tools/StructureDefinition/ig-page-name"><valueUrl value="StructureDefinition-Organization-PharmacyLicence.html"/></extension><nameUrl value="StructureDefinition-Organization-PharmacyLicence.html"/><title value="OrganizationPharmacyLicence"/><generation value="generated"/></page><page><extension url="http://hl7.org/fhir/tools/StructureDefinition/ig-page-name"><valueUrl value="StructureDefinition-Practitioner-Authorization.html"/></extension><nameUrl value="StructureDefinition-Practitioner-Authorization.html"/><title value="PractitionerAuthorization"/><generation value="generated"/></page><page><extension url="http://hl7.org/fhir/tools/StructureDefinition/ig-page-name"><valueUrl value="StructureDefinition-Practitioner-BirthPlace.html"/></extension><nameUrl value="StructureDefinition-Practitioner-BirthPlace.html"/><title value="PractitionerBirthPlace"/><generation value="generated"/></page><page><extension url="http://hl7.org/fhir/tools/StructureDefinition/ig-page-name"><valueUrl value="StructureDefinition-Practitioner-DeceasedDateTime.html"/></extension><nameUrl value="StructureDefinition-Practitioner-DeceasedDateTime.html"/><title value="PractitionerDeceasedDateTime"/><generation value="generated"/></page><page><extension url="http://hl7.org/fhir/tools/StructureDefinition/ig-page-name"><valueUrl value="StructureDefinition-Practitioner-Nationality.html"/></extension><nameUrl value="StructureDefinition-Practitioner-Nationality.html"/><title value="PractitionerNationality"/><generation value="generated"/></page><page><extension url="http://hl7.org/fhir/tools/StructureDefinition/ig-page-name"><valueUrl value="StructureDefinition-PractitionerRole-ActivityType.html"/></extension><nameUrl value="StructureDefinition-PractitionerRole-ActivityType.html"/><title value="PractitionerRoleActivityType"/><generation value="generated"/></page><page><extension url="http://hl7.org/fhir/tools/StructureDefinition/ig-page-name"><valueUrl value="StructureDefinition-PractitionerRole-AppointmentRequired.html"/></extension><nameUrl value="StructureDefinition-PractitionerRole-AppointmentRequired.html"/><title value="PractitionerRoleAppointmentRequired"/><generation value="generated"/></page><page><extension url="http://hl7.org/fhir/tools/StructureDefinition/ig-page-name"><valueUrl value="StructureDefinition-PractitionerRole-Contracted.html"/></extension><nameUrl value="StructureDefinition-PractitionerRole-Contracted.html"/><title value="PractitionerRoleContracted"/><generation value="generated"/></page><page><extension url="http://hl7.org/fhir/tools/StructureDefinition/ig-page-name"><valueUrl value="StructureDefinition-PractitionerRole-EducationLevel.html"/></extension><nameUrl value="StructureDefinition-PractitionerRole-EducationLevel.html"/><title value="PractitionerRoleEducationLevel"/><generation value="generated"/></page><page><extension url="http://hl7.org/fhir/tools/StructureDefinition/ig-page-name"><valueUrl value="StructureDefinition-PractitionerRole-EndCause.html"/></extension><nameUrl value="StructureDefinition-PractitionerRole-EndCause.html"/><title value="PractitionerRoleEndCause"/><generation value="generated"/></page><page><extension url="http://hl7.org/fhir/tools/StructureDefinition/ig-page-name"><valueUrl value="StructureDefinition-PractitionerRole-HasCAS.html"/></extension><nameUrl value="StructureDefinition-PractitionerRole-HasCAS.html"/><title value="PractitionerRoleHasCAS"/><generation value="generated"/></page><page><extension url="http://hl7.org/fhir/tools/StructureDefinition/ig-page-name"><valueUrl value="StructureDefinition-PractitionerRole-HomeCare.html"/></extension><nameUrl value="StructureDefinition-PractitionerRole-HomeCare.html"/><title value="PractitionerRoleHomeCare"/><generation value="generated"/></page><page><extension url="http://hl7.org/fhir/tools/StructureDefinition/ig-page-name"><valueUrl value="StructureDefinition-PractitionerRole-Name.html"/></extension><nameUrl value="StructureDefinition-PractitionerRole-Name.html"/><title value="PractitionerRoleName"/><generation value="generated"/></page><page><extension url="http://hl7.org/fhir/tools/StructureDefinition/ig-page-name"><valueUrl value="StructureDefinition-PractitionerRole-PartOf.html"/></extension><nameUrl value="StructureDefinition-PractitionerRole-PartOf.html"/><title value="PractitionerRolePartOf"/><generation value="generated"/></page><page><extension url="http://hl7.org/fhir/tools/StructureDefinition/ig-page-name"><valueUrl value="StructureDefinition-practitionerRole-PracticeRegion.html"/></extension><nameUrl value="StructureDefinition-practitionerRole-PracticeRegion.html"/><title value="PractitionerRolePracticeRegion"/><generation value="generated"/></page><page><extension url="http://hl7.org/fhir/tools/StructureDefinition/ig-page-name"><valueUrl value="StructureDefinition-PractitionerRole-Registration.html"/></extension><nameUrl value="StructureDefinition-PractitionerRole-Registration.html"/><title value="PractitionerRoleRegistration"/><generation value="generated"/></page><page><extension url="http://hl7.org/fhir/tools/StructureDefinition/ig-page-name"><valueUrl value="StructureDefinition-PractitionerRole-SmartCard.html"/></extension><nameUrl value="StructureDefinition-PractitionerRole-SmartCard.html"/><title value="PractitionerRoleSmartCard"/><generation value="generated"/></page><page><extension url="http://hl7.org/fhir/tools/StructureDefinition/ig-page-name"><valueUrl value="StructureDefinition-PractitionerRole-VitaleAccepted.html"/></extension><nameUrl value="StructureDefinition-PractitionerRole-VitaleAccepted.html"/><title value="PractitionerRoleVitaleAccepted"/><generation value="generated"/></page></page></page><parameter><code value="path-resource"/><value value="input/capabilities"/></parameter><parameter><code value="path-resource"/><value value="input/examples"/></parameter><parameter><code value="path-resource"/><value value="input/extensions"/></parameter><parameter><code value="path-resource"/><value value="input/models"/></parameter><parameter><code value="path-resource"/><value value="input/operations"/></parameter><parameter><code value="path-resource"/><value value="input/profiles"/></parameter><parameter><code value="path-resource"/><value value="input/resources"/></parameter><parameter><code value="path-resource"/><value value="input/vocabulary"/></parameter><parameter><code value="path-resource"/><value value="input/maps"/></parameter><parameter><code value="path-resource"/><value value="input/testing"/></parameter><parameter><code value="path-resource"/><value value="input/history"/></parameter><parameter><code value="path-resource"/><value value="fsh-generated/resources"/></parameter><parameter><code value="path-pages"/><value value="template/config"/></parameter><parameter><code value="path-pages"/><value value="input/images"/></parameter><parameter><code value="path-tx-cache"/><value value="input-cache/txcache"/></parameter></definition></ImplementationGuide>