{"resourceType":"ImplementationGuide","id":"ans.fhir.fr.as03","text":{"status":"extensions","div":"<div xmlns=\"http://www.w3.org/1999/xhtml\"><h2>ASDP03</h2><p>The official URL for this implementation guide is: </p><pre>http://interop.esante.gouv.fr/ig/fhir/as03/ImplementationGuide/ans.fhir.fr.as03</pre><div><p>Ressources de conformité basé sur le modèle de l'Annuaire Santé (AS) 1.0 d'exposition des données publiques (DP)</p>\n</div></div>"},"url":"http://interop.esante.gouv.fr/ig/fhir/as03/ImplementationGuide/ans.fhir.fr.as03","version":"0.1.0","name":"ASDP03","title":"AS DP 0.3","status":"active","date":"2023-03-14","publisher":"ANS","contact":[{"name":"ANS","telecom":[{"system":"url","value":"https://esante.gouv.fr"},{"system":"email","value":"monserviceclient.annuaire@esante.gouv.fr"}]}],"description":"Ressources de conformité basé sur le modèle de l'Annuaire Santé (AS) 1.0 d'exposition des données publiques (DP)","packageId":"ans.fhir.fr.as03","license":"CC0-1.0","fhirVersion":["4.0.1"],"dependsOn":[{"id":"hl7tx","extension":[{"url":"http://hl7.org/fhir/tools/StructureDefinition/implementationguide-dependency-comment","valueMarkdown":"Automatically added as a dependency - all IGs depend on HL7 Terminology"}],"uri":"http://terminology.hl7.org/ImplementationGuide/hl7.terminology","packageId":"hl7.terminology.r4","version":"5.0.0"},{"id":"hl7_fhir_fr_core","uri":"http://fhir.org/packages/hl7.fhir.fr.core/ImplementationGuide/hl7.fhir.fr.core","packageId":"hl7.fhir.fr.core","version":"1.1.0"}],"definition":{"extension":[{"extension":[{"url":"code","valueString":"copyrightyear"},{"url":"value","valueString":"2023+"}],"url":"http://hl7.org/fhir/tools/StructureDefinition/ig-parameter"},{"extension":[{"url":"code","valueString":"releaselabel"},{"url":"value","valueString":"ci-build"}],"url":"http://hl7.org/fhir/tools/StructureDefinition/ig-parameter"},{"extension":[{"url":"code","valueString":"shownav"},{"url":"value","valueString":"true"}],"url":"http://hl7.org/fhir/tools/StructureDefinition/ig-parameter"},{"extension":[{"url":"code","valueString":"autoload-resources"},{"url":"value","valueString":"true"}],"url":"http://hl7.org/fhir/tools/StructureDefinition/ig-parameter"},{"extension":[{"url":"code","valueString":"path-liquid"},{"url":"value","valueString":"template/liquid"}],"url":"http://hl7.org/fhir/tools/StructureDefinition/ig-parameter"},{"extension":[{"url":"code","valueString":"path-liquid"},{"url":"value","valueString":"input/liquid"}],"url":"http://hl7.org/fhir/tools/StructureDefinition/ig-parameter"},{"extension":[{"url":"code","valueString":"path-qa"},{"url":"value","valueString":"temp/qa"}],"url":"http://hl7.org/fhir/tools/StructureDefinition/ig-parameter"},{"extension":[{"url":"code","valueString":"path-temp"},{"url":"value","valueString":"temp/pages"}],"url":"http://hl7.org/fhir/tools/StructureDefinition/ig-parameter"},{"extension":[{"url":"code","valueString":"path-output"},{"url":"value","valueString":"output"}],"url":"http://hl7.org/fhir/tools/StructureDefinition/ig-parameter"},{"extension":[{"url":"code","valueString":"path-suppressed-warnings"},{"url":"value","valueString":"input/ignoreWarnings.txt"}],"url":"http://hl7.org/fhir/tools/StructureDefinition/ig-parameter"},{"extension":[{"url":"code","valueString":"path-history"},{"url":"value","valueString":"http://interop.esante.gouv.fr/ig/fhir/as03/history.html"}],"url":"http://hl7.org/fhir/tools/StructureDefinition/ig-parameter"},{"extension":[{"url":"code","valueString":"template-html"},{"url":"value","valueString":"template-page.html"}],"url":"http://hl7.org/fhir/tools/StructureDefinition/ig-parameter"},{"extension":[{"url":"code","valueString":"template-md"},{"url":"value","valueString":"template-page-md.html"}],"url":"http://hl7.org/fhir/tools/StructureDefinition/ig-parameter"},{"extension":[{"url":"code","valueString":"apply-contact"},{"url":"value","valueString":"true"}],"url":"http://hl7.org/fhir/tools/StructureDefinition/ig-parameter"},{"extension":[{"url":"code","valueString":"apply-context"},{"url":"value","valueString":"true"}],"url":"http://hl7.org/fhir/tools/StructureDefinition/ig-parameter"},{"extension":[{"url":"code","valueString":"apply-copyright"},{"url":"value","valueString":"true"}],"url":"http://hl7.org/fhir/tools/StructureDefinition/ig-parameter"},{"extension":[{"url":"code","valueString":"apply-jurisdiction"},{"url":"value","valueString":"true"}],"url":"http://hl7.org/fhir/tools/StructureDefinition/ig-parameter"},{"extension":[{"url":"code","valueString":"apply-license"},{"url":"value","valueString":"true"}],"url":"http://hl7.org/fhir/tools/StructureDefinition/ig-parameter"},{"extension":[{"url":"code","valueString":"apply-publisher"},{"url":"value","valueString":"true"}],"url":"http://hl7.org/fhir/tools/StructureDefinition/ig-parameter"},{"extension":[{"url":"code","valueString":"apply-version"},{"url":"value","valueString":"true"}],"url":"http://hl7.org/fhir/tools/StructureDefinition/ig-parameter"},{"extension":[{"url":"code","valueString":"active-tables"},{"url":"value","valueString":"true"}],"url":"http://hl7.org/fhir/tools/StructureDefinition/ig-parameter"},{"extension":[{"url":"code","valueString":"fmm-definition"},{"url":"value","valueString":"http://hl7.org/fhir/versions.html#maturity"}],"url":"http://hl7.org/fhir/tools/StructureDefinition/ig-parameter"},{"extension":[{"url":"code","valueString":"propagate-status"},{"url":"value","valueString":"true"}],"url":"http://hl7.org/fhir/tools/StructureDefinition/ig-parameter"},{"extension":[{"url":"code","valueString":"excludelogbinaryformat"},{"url":"value","valueString":"true"}],"url":"http://hl7.org/fhir/tools/StructureDefinition/ig-parameter"},{"extension":[{"url":"code","valueString":"tabbed-snapshots"},{"url":"value","valueString":"true"}],"url":"http://hl7.org/fhir/tools/StructureDefinition/ig-parameter"},{"extension":[{"url":"code","valueString":"copyrightyear"},{"url":"value","valueString":"2023+"}],"url":"http://hl7.org/fhir/tools/StructureDefinition/ig-parameter"},{"extension":[{"url":"code","valueString":"releaselabel"},{"url":"value","valueString":"ci-build"}],"url":"http://hl7.org/fhir/tools/StructureDefinition/ig-parameter"},{"extension":[{"url":"code","valueString":"shownav"},{"url":"value","valueString":"true"}],"url":"http://hl7.org/fhir/tools/StructureDefinition/ig-parameter"},{"extension":[{"url":"code","valueString":"autoload-resources"},{"url":"value","valueString":"true"}],"url":"http://hl7.org/fhir/tools/StructureDefinition/ig-parameter"},{"extension":[{"url":"code","valueString":"path-liquid"},{"url":"value","valueString":"template/liquid"}],"url":"http://hl7.org/fhir/tools/StructureDefinition/ig-parameter"},{"extension":[{"url":"code","valueString":"path-liquid"},{"url":"value","valueString":"input/liquid"}],"url":"http://hl7.org/fhir/tools/StructureDefinition/ig-parameter"},{"extension":[{"url":"code","valueString":"path-qa"},{"url":"value","valueString":"temp/qa"}],"url":"http://hl7.org/fhir/tools/StructureDefinition/ig-parameter"},{"extension":[{"url":"code","valueString":"path-temp"},{"url":"value","valueString":"temp/pages"}],"url":"http://hl7.org/fhir/tools/StructureDefinition/ig-parameter"},{"extension":[{"url":"code","valueString":"path-output"},{"url":"value","valueString":"output"}],"url":"http://hl7.org/fhir/tools/StructureDefinition/ig-parameter"},{"extension":[{"url":"code","valueString":"path-suppressed-warnings"},{"url":"value","valueString":"input/ignoreWarnings.txt"}],"url":"http://hl7.org/fhir/tools/StructureDefinition/ig-parameter"},{"extension":[{"url":"code","valueString":"path-history"},{"url":"value","valueString":"http://interop.esante.gouv.fr/ig/fhir/as03/history.html"}],"url":"http://hl7.org/fhir/tools/StructureDefinition/ig-parameter"},{"extension":[{"url":"code","valueString":"template-html"},{"url":"value","valueString":"template-page.html"}],"url":"http://hl7.org/fhir/tools/StructureDefinition/ig-parameter"},{"extension":[{"url":"code","valueString":"template-md"},{"url":"value","valueString":"template-page-md.html"}],"url":"http://hl7.org/fhir/tools/StructureDefinition/ig-parameter"},{"extension":[{"url":"code","valueString":"apply-contact"},{"url":"value","valueString":"true"}],"url":"http://hl7.org/fhir/tools/StructureDefinition/ig-parameter"},{"extension":[{"url":"code","valueString":"apply-context"},{"url":"value","valueString":"true"}],"url":"http://hl7.org/fhir/tools/StructureDefinition/ig-parameter"},{"extension":[{"url":"code","valueString":"apply-copyright"},{"url":"value","valueString":"true"}],"url":"http://hl7.org/fhir/tools/StructureDefinition/ig-parameter"},{"extension":[{"url":"code","valueString":"apply-jurisdiction"},{"url":"value","valueString":"true"}],"url":"http://hl7.org/fhir/tools/StructureDefinition/ig-parameter"},{"extension":[{"url":"code","valueString":"apply-license"},{"url":"value","valueString":"true"}],"url":"http://hl7.org/fhir/tools/StructureDefinition/ig-parameter"},{"extension":[{"url":"code","valueString":"apply-publisher"},{"url":"value","valueString":"true"}],"url":"http://hl7.org/fhir/tools/StructureDefinition/ig-parameter"},{"extension":[{"url":"code","valueString":"apply-version"},{"url":"value","valueString":"true"}],"url":"http://hl7.org/fhir/tools/StructureDefinition/ig-parameter"},{"extension":[{"url":"code","valueString":"active-tables"},{"url":"value","valueString":"true"}],"url":"http://hl7.org/fhir/tools/StructureDefinition/ig-parameter"},{"extension":[{"url":"code","valueString":"fmm-definition"},{"url":"value","valueString":"http://hl7.org/fhir/versions.html#maturity"}],"url":"http://hl7.org/fhir/tools/StructureDefinition/ig-parameter"},{"extension":[{"url":"code","valueString":"propagate-status"},{"url":"value","valueString":"true"}],"url":"http://hl7.org/fhir/tools/StructureDefinition/ig-parameter"},{"extension":[{"url":"code","valueString":"excludelogbinaryformat"},{"url":"value","valueString":"true"}],"url":"http://hl7.org/fhir/tools/StructureDefinition/ig-parameter"},{"extension":[{"url":"code","valueString":"tabbed-snapshots"},{"url":"value","valueString":"true"}],"url":"http://hl7.org/fhir/tools/StructureDefinition/ig-parameter"},{"extension":[{"url":"code","valueString":"copyrightyear"},{"url":"value","valueString":"2023+"}],"url":"http://hl7.org/fhir/tools/StructureDefinition/ig-parameter"},{"extension":[{"url":"code","valueString":"releaselabel"},{"url":"value","valueString":"ci-build"}],"url":"http://hl7.org/fhir/tools/StructureDefinition/ig-parameter"},{"extension":[{"url":"code","valueString":"shownav"},{"url":"value","valueString":"true"}],"url":"http://hl7.org/fhir/tools/StructureDefinition/ig-parameter"},{"extension":[{"url":"code","valueString":"autoload-resources"},{"url":"value","valueString":"true"}],"url":"http://hl7.org/fhir/tools/StructureDefinition/ig-parameter"},{"extension":[{"url":"code","valueString":"path-liquid"},{"url":"value","valueString":"template/liquid"}],"url":"http://hl7.org/fhir/tools/StructureDefinition/ig-parameter"},{"extension":[{"url":"code","valueString":"path-liquid"},{"url":"value","valueString":"input/liquid"}],"url":"http://hl7.org/fhir/tools/StructureDefinition/ig-parameter"},{"extension":[{"url":"code","valueString":"path-qa"},{"url":"value","valueString":"temp/qa"}],"url":"http://hl7.org/fhir/tools/StructureDefinition/ig-parameter"},{"extension":[{"url":"code","valueString":"path-temp"},{"url":"value","valueString":"temp/pages"}],"url":"http://hl7.org/fhir/tools/StructureDefinition/ig-parameter"},{"extension":[{"url":"code","valueString":"path-output"},{"url":"value","valueString":"output"}],"url":"http://hl7.org/fhir/tools/StructureDefinition/ig-parameter"},{"extension":[{"url":"code","valueString":"path-suppressed-warnings"},{"url":"value","valueString":"input/ignoreWarnings.txt"}],"url":"http://hl7.org/fhir/tools/StructureDefinition/ig-parameter"},{"extension":[{"url":"code","valueString":"path-history"},{"url":"value","valueString":"http://interop.esante.gouv.fr/ig/fhir/as03/history.html"}],"url":"http://hl7.org/fhir/tools/StructureDefinition/ig-parameter"},{"extension":[{"url":"code","valueString":"template-html"},{"url":"value","valueString":"template-page.html"}],"url":"http://hl7.org/fhir/tools/StructureDefinition/ig-parameter"},{"extension":[{"url":"code","valueString":"template-md"},{"url":"value","valueString":"template-page-md.html"}],"url":"http://hl7.org/fhir/tools/StructureDefinition/ig-parameter"},{"extension":[{"url":"code","valueString":"apply-contact"},{"url":"value","valueString":"true"}],"url":"http://hl7.org/fhir/tools/StructureDefinition/ig-parameter"},{"extension":[{"url":"code","valueString":"apply-context"},{"url":"value","valueString":"true"}],"url":"http://hl7.org/fhir/tools/StructureDefinition/ig-parameter"},{"extension":[{"url":"code","valueString":"apply-copyright"},{"url":"value","valueString":"true"}],"url":"http://hl7.org/fhir/tools/StructureDefinition/ig-parameter"},{"extension":[{"url":"code","valueString":"apply-jurisdiction"},{"url":"value","valueString":"true"}],"url":"http://hl7.org/fhir/tools/StructureDefinition/ig-parameter"},{"extension":[{"url":"code","valueString":"apply-license"},{"url":"value","valueString":"true"}],"url":"http://hl7.org/fhir/tools/StructureDefinition/ig-parameter"},{"extension":[{"url":"code","valueString":"apply-publisher"},{"url":"value","valueString":"true"}],"url":"http://hl7.org/fhir/tools/StructureDefinition/ig-parameter"},{"extension":[{"url":"code","valueString":"apply-version"},{"url":"value","valueString":"true"}],"url":"http://hl7.org/fhir/tools/StructureDefinition/ig-parameter"},{"extension":[{"url":"code","valueString":"active-tables"},{"url":"value","valueString":"true"}],"url":"http://hl7.org/fhir/tools/StructureDefinition/ig-parameter"},{"extension":[{"url":"code","valueString":"fmm-definition"},{"url":"value","valueString":"http://hl7.org/fhir/versions.html#maturity"}],"url":"http://hl7.org/fhir/tools/StructureDefinition/ig-parameter"},{"extension":[{"url":"code","valueString":"propagate-status"},{"url":"value","valueString":"true"}],"url":"http://hl7.org/fhir/tools/StructureDefinition/ig-parameter"},{"extension":[{"url":"code","valueString":"excludelogbinaryformat"},{"url":"value","valueString":"true"}],"url":"http://hl7.org/fhir/tools/StructureDefinition/ig-parameter"},{"extension":[{"url":"code","valueString":"tabbed-snapshots"},{"url":"value","valueString":"true"}],"url":"http://hl7.org/fhir/tools/StructureDefinition/ig-parameter"}],"grouping":[{"id":"-str-profile","name":"Structures: Resource Profiles","description":"Ces structures définissent les contraintes sur les ressources FHIR par les systèmes conformes à cet Implementation Guide (IG)."},{"id":"-str-datatype","name":"Structures: Data Type Profiles","description":"Ces structures définissent les contraintes sur les types de données FHIR par les systèmes conformes à cet Implementation Guide (IG)."},{"id":"-str-extension","name":"Structures: Extension Definitions","description":"Ces structures définissent les contraintes sur les extensions FHIR par les systèmes conformes à cet Implementation Guide (IG)."}],"resource":[{"extension":[{"url":"http://hl7.org/fhir/StructureDefinition/implementationguide-page","valueUri":"StructureDefinition-AS-Device.html"}],"reference":{"reference":"StructureDefinition/AS-Device"},"name":"ASDevice","description":"Profil créé à partir de la ressource Device dans le cadre de l'annuaire santé - décrit les équipements matériels lourds ('EML') mis en oeuvre au sein d'établissements.","exampleBoolean":false,"groupingId":"-str-profile"},{"extension":[{"url":"http://hl7.org/fhir/StructureDefinition/implementationguide-page","valueUri":"StructureDefinition-AS-HealthcareService-HealthCareActivity.html"}],"reference":{"reference":"StructureDefinition/AS-HealthcareService-HealthCareActivity"},"name":"ASHealthcareServiceHealthCareActivity","description":"Profil créé à partir de la ressource HealthcareService dans le cadre de l'annuaire santé - décrit les activités sanitaires rattachées aux etablisemments FINESS.","exampleBoolean":false,"groupingId":"-str-profile"},{"extension":[{"url":"http://hl7.org/fhir/StructureDefinition/implementationguide-page","valueUri":"StructureDefinition-AS-HealthcareService-SocialEquipment.html"}],"reference":{"reference":"StructureDefinition/AS-HealthcareService-SocialEquipment"},"name":"ASHealthcareServiceSocialEquipment","description":"Profil créé à partir de la ressource HealthcareService dans le cadre de l'annuaire santé - décrit les équipements sociaux représentant les activités des établissements du domaine social et médico-social enregistrés dans FINESS.","exampleBoolean":false,"groupingId":"-str-profile"},{"extension":[{"url":"http://hl7.org/fhir/StructureDefinition/implementationguide-page","valueUri":"StructureDefinition-AS-Location.html"}],"reference":{"reference":"StructureDefinition/AS-Location"},"name":"ASLocation","description":"Profil créé à partir de la ressource Location dans le cadre de l'annuaire santé - Location contained dans le profil Situation d'exercice de PractitionerRole -  contient l'adresse d'activité du professionnel.","exampleBoolean":false,"groupingId":"-str-profile"},{"extension":[{"url":"http://hl7.org/fhir/StructureDefinition/implementationguide-page","valueUri":"StructureDefinition-AS-Organization.html"}],"reference":{"reference":"StructureDefinition/AS-Organization"},"name":"ASOrganization","description":"Profil créé à partir de la ressource FrOrganization dans le cadre de l'annuaire santé - décrit les organismes du domaine sanitaire, médico-social et social.","exampleBoolean":false,"groupingId":"-str-profile"},{"extension":[{"url":"http://hl7.org/fhir/StructureDefinition/implementationguide-page","valueUri":"StructureDefinition-AS-Practitioner.html"}],"reference":{"reference":"StructureDefinition/AS-Practitioner"},"name":"ASPractitioner","description":"Profil créé à partir de la ressource Practitioner dans le cadre de l'annuaire santé - décrit les données d'identification pérennes d’une personne physique, qui travaille en tant que professionnel (professionnel enregistré dans RPPS ou ADELI), personnel autorisé ou personnel d’établissement, dans les domaines sanitaire, médico-social et social.","exampleBoolean":false,"groupingId":"-str-profile"},{"extension":[{"url":"http://hl7.org/fhir/StructureDefinition/implementationguide-page","valueUri":"StructureDefinition-AS-PractitionerRole.html"}],"reference":{"reference":"StructureDefinition/AS-PractitionerRole"},"name":"ASPractitionerRole","description":"Profil créé à partir de la ressource PractitionerRole dans le cadre de l'annuaire santé - décrit l'exercice professionel et la situation d'exercice - contient les informations décrivant notamment la profession exercée, l'identité d'exercice d'un professionnel, le cadre de son exercice (civil, militaire, etc.) ainsi que les aractéristiques de l'exercice d’un professionnel pendant une période déterminée et dans une structure déterminée","exampleBoolean":false,"groupingId":"-str-profile"},{"extension":[{"url":"http://hl7.org/fhir/StructureDefinition/implementationguide-page","valueUri":"StructureDefinition-AS-PractitionerRole-Ameli.html"}],"reference":{"reference":"StructureDefinition/AS-PractitionerRole-Ameli"},"name":"ASPractitionerRoleAmeli","description":"Profil créé à partir de la ressource PractitionerRole dans le cadre de l'annuaire santé - décrit les caractéristiques opérationnelles de l’exercice d’un professionnel au sein d’une organisation interne.","exampleBoolean":false,"groupingId":"-str-profile"},{"extension":[{"url":"http://hl7.org/fhir/StructureDefinition/implementationguide-page","valueUri":"StructureDefinition-CodeableConcept-Timed.html"}],"reference":{"reference":"StructureDefinition/CodeableConcept-Timed"},"name":"CodeableConceptTimed","exampleBoolean":false,"groupingId":"-str-datatype"},{"extension":[{"url":"http://hl7.org/fhir/StructureDefinition/implementationguide-page","valueUri":"StructureDefinition-Fr-Address-Extended.html"}],"reference":{"reference":"StructureDefinition/Fr-Address-Extended"},"name":"FrAddressExtended","exampleBoolean":false,"groupingId":"-str-datatype"},{"extension":[{"url":"http://hl7.org/fhir/StructureDefinition/implementationguide-page","valueUri":"StructureDefinition-Address-Country-Code.html"}],"reference":{"reference":"StructureDefinition/Address-Country-Code"},"name":"AdressCountryCode","description":"Code pays","exampleBoolean":false,"groupingId":"-str-extension"},{"extension":[{"url":"http://hl7.org/fhir/StructureDefinition/implementationguide-page","valueUri":"StructureDefinition-CodeableConcept-Period.html"}],"reference":{"reference":"StructureDefinition/CodeableConcept-Period"},"name":"CodeableConceptPeriod","description":"Extension of type Period on CodeableConcept type","exampleBoolean":false,"groupingId":"-str-extension"},{"extension":[{"url":"http://hl7.org/fhir/StructureDefinition/implementationguide-page","valueUri":"StructureDefinition-Device-AuthorizationDateDevice.html"}],"reference":{"reference":"StructureDefinition/Device-AuthorizationDateDevice"},"name":"DeviceAuthorizationDateDevice","exampleBoolean":false,"groupingId":"-str-extension"},{"extension":[{"url":"http://hl7.org/fhir/StructureDefinition/implementationguide-page","valueUri":"StructureDefinition-Device-NumberAuthorizationARHGOS.html"}],"reference":{"reference":"StructureDefinition/Device-NumberAuthorizationARHGOS"},"name":"DeviceNumberaAuthorizationARHGOS","exampleBoolean":false,"groupingId":"-str-extension"},{"extension":[{"url":"http://hl7.org/fhir/StructureDefinition/implementationguide-page","valueUri":"StructureDefinition-Device-PeriodImplantation.html"}],"reference":{"reference":"StructureDefinition/Device-PeriodImplantation"},"name":"DevicePeriodImplantation","exampleBoolean":false,"groupingId":"-str-extension"},{"extension":[{"url":"http://hl7.org/fhir/StructureDefinition/implementationguide-page","valueUri":"StructureDefinition-DigitalCertificate.html"}],"reference":{"reference":"StructureDefinition/DigitalCertificate"},"name":"DigitalCertificate","description":"Informations descriptives du moyen d’identification par certificat. Il s'agit des certificats utilisés par les professionnels et les structures","exampleBoolean":false,"groupingId":"-str-extension"},{"extension":[{"url":"http://hl7.org/fhir/StructureDefinition/implementationguide-page","valueUri":"StructureDefinition-French-Department.html"}],"reference":{"reference":"StructureDefinition/French-Department"},"name":"FrenchDepartment","description":"Département français","exampleBoolean":false,"groupingId":"-str-extension"},{"extension":[{"url":"http://hl7.org/fhir/StructureDefinition/implementationguide-page","valueUri":"StructureDefinition-HealthcareService-ActivityType.html"}],"reference":{"reference":"StructureDefinition/HealthcareService-ActivityType"},"name":"HealthcareServiceActivityType","exampleBoolean":false,"groupingId":"-str-extension"},{"extension":[{"url":"http://hl7.org/fhir/StructureDefinition/implementationguide-page","valueUri":"StructureDefinition-HealthcareService-AuthorizationDate.html"}],"reference":{"reference":"StructureDefinition/HealthcareService-AuthorizationDate"},"name":"HealthcareServiceAuthorizationDate","exampleBoolean":false,"groupingId":"-str-extension"},{"extension":[{"url":"http://hl7.org/fhir/StructureDefinition/implementationguide-page","valueUri":"StructureDefinition-HealthcareService-AuthorizationNumberARHGOS.html"}],"reference":{"reference":"StructureDefinition/HealthcareService-AuthorizationNumberARHGOS"},"name":"HealthcareServiceAuthorizationNumberARHGOS","exampleBoolean":false,"groupingId":"-str-extension"},{"extension":[{"url":"http://hl7.org/fhir/StructureDefinition/implementationguide-page","valueUri":"StructureDefinition-HealthcareService-DateUpdateActivity.html"}],"reference":{"reference":"StructureDefinition/HealthcareService-DateUpdateActivity"},"name":"HealthcareServiceDateUpdateActivity","exampleBoolean":false,"groupingId":"-str-extension"},{"extension":[{"url":"http://hl7.org/fhir/StructureDefinition/implementationguide-page","valueUri":"StructureDefinition-HealthcareService-DeleteAutorizationImplantation.html"}],"reference":{"reference":"StructureDefinition/HealthcareService-DeleteAutorizationImplantation"},"name":"HealthcareServiceDeleteAutorizationImplantation","exampleBoolean":false,"groupingId":"-str-extension"},{"extension":[{"url":"http://hl7.org/fhir/StructureDefinition/implementationguide-page","valueUri":"StructureDefinition-HealthcareService-ImplementationPeriod.html"}],"reference":{"reference":"StructureDefinition/HealthcareService-ImplementationPeriod"},"name":"HealthcareServiceImplementationPeriod","exampleBoolean":false,"groupingId":"-str-extension"},{"extension":[{"url":"http://hl7.org/fhir/StructureDefinition/implementationguide-page","valueUri":"StructureDefinition-HealthcareService-InstallationDate.html"}],"reference":{"reference":"StructureDefinition/HealthcareService-InstallationDate"},"name":"HealthcareServiceInstallationDate","exampleBoolean":false,"groupingId":"-str-extension"},{"extension":[{"url":"http://hl7.org/fhir/StructureDefinition/implementationguide-page","valueUri":"StructureDefinition-MailboxMSS.html"}],"reference":{"reference":"StructureDefinition/MailboxMSS"},"name":"MailboxMSS","description":"Informations descriptives des boîtes aux lettres du service de messagerie sécurisée de santé (MSSanté) rattachées aux professionnels et aux structures.","exampleBoolean":false,"groupingId":"-str-extension"},{"extension":[{"url":"http://hl7.org/fhir/StructureDefinition/implementationguide-page","valueUri":"StructureDefinition-Organization-PharmacyLicence.html"}],"reference":{"reference":"StructureDefinition/Organization-PharmacyLicence"},"name":"OrganizationPharmacyLicence","description":"Numéro de licence officine","exampleBoolean":false,"groupingId":"-str-extension"},{"extension":[{"url":"http://hl7.org/fhir/StructureDefinition/implementationguide-page","valueUri":"StructureDefinition-Practitioner-Authorization.html"}],"reference":{"reference":"StructureDefinition/Practitioner-Authorization"},"name":"PractitionerAuthorization","description":"Autorisation d'exercice","exampleBoolean":false,"groupingId":"-str-extension"},{"extension":[{"url":"http://hl7.org/fhir/StructureDefinition/implementationguide-page","valueUri":"StructureDefinition-Practitioner-BirthPlace.html"}],"reference":{"reference":"StructureDefinition/Practitioner-BirthPlace"},"name":"PractitionerBirthPlace","exampleBoolean":false,"groupingId":"-str-extension"},{"extension":[{"url":"http://hl7.org/fhir/StructureDefinition/implementationguide-page","valueUri":"StructureDefinition-Practitioner-DeceasedDateTime.html"}],"reference":{"reference":"StructureDefinition/Practitioner-DeceasedDateTime"},"name":"PractitionerDeceasedDateTime","description":"Date of death of the practitioner if applicable.","exampleBoolean":false,"groupingId":"-str-extension"},{"extension":[{"url":"http://hl7.org/fhir/StructureDefinition/implementationguide-page","valueUri":"StructureDefinition-Practitioner-Nationality.html"}],"reference":{"reference":"StructureDefinition/Practitioner-Nationality"},"name":"PractitionerNationality","exampleBoolean":false,"groupingId":"-str-extension"},{"extension":[{"url":"http://hl7.org/fhir/StructureDefinition/implementationguide-page","valueUri":"StructureDefinition-PractitionerRole-ActivityType.html"}],"reference":{"reference":"StructureDefinition/PractitionerRole-ActivityType"},"name":"PractitionerRoleActivityType","exampleBoolean":false,"groupingId":"-str-extension"},{"extension":[{"url":"http://hl7.org/fhir/StructureDefinition/implementationguide-page","valueUri":"StructureDefinition-PractitionerRole-AppointmentRequired.html"}],"reference":{"reference":"StructureDefinition/PractitionerRole-AppointmentRequired"},"name":"PractitionerRoleAppointmentRequired","exampleBoolean":false,"groupingId":"-str-extension"},{"extension":[{"url":"http://hl7.org/fhir/StructureDefinition/implementationguide-page","valueUri":"StructureDefinition-PractitionerRole-Contracted.html"}],"reference":{"reference":"StructureDefinition/PractitionerRole-Contracted"},"name":"PractitionerRoleContracted","exampleBoolean":false,"groupingId":"-str-extension"},{"extension":[{"url":"http://hl7.org/fhir/StructureDefinition/implementationguide-page","valueUri":"StructureDefinition-PractitionerRole-EducationLevel.html"}],"reference":{"reference":"StructureDefinition/PractitionerRole-EducationLevel"},"name":"PractitionerRoleEducationLevel","description":"Niveau de formation acquis de l'étudiant.","exampleBoolean":false,"groupingId":"-str-extension"},{"extension":[{"url":"http://hl7.org/fhir/StructureDefinition/implementationguide-page","valueUri":"StructureDefinition-PractitionerRole-EndCause.html"}],"reference":{"reference":"StructureDefinition/PractitionerRole-EndCause"},"name":"PractitionerRoleEndCause","description":"Motif de fin d'activité","exampleBoolean":false,"groupingId":"-str-extension"},{"extension":[{"url":"http://hl7.org/fhir/StructureDefinition/implementationguide-page","valueUri":"StructureDefinition-PractitionerRole-HasCAS.html"}],"reference":{"reference":"StructureDefinition/PractitionerRole-HasCAS"},"name":"PractitionerRoleHasCAS","exampleBoolean":false,"groupingId":"-str-extension"},{"extension":[{"url":"http://hl7.org/fhir/StructureDefinition/implementationguide-page","valueUri":"StructureDefinition-PractitionerRole-HomeCare.html"}],"reference":{"reference":"StructureDefinition/PractitionerRole-HomeCare"},"name":"PractitionerRoleHomeCare","exampleBoolean":false,"groupingId":"-str-extension"},{"extension":[{"url":"http://hl7.org/fhir/StructureDefinition/implementationguide-page","valueUri":"StructureDefinition-PractitionerRole-Name.html"}],"reference":{"reference":"StructureDefinition/PractitionerRole-Name"},"name":"PractitionerRoleName","description":"Nom d'exercice","exampleBoolean":false,"groupingId":"-str-extension"},{"extension":[{"url":"http://hl7.org/fhir/StructureDefinition/implementationguide-page","valueUri":"StructureDefinition-PractitionerRole-PartOf.html"}],"reference":{"reference":"StructureDefinition/PractitionerRole-PartOf"},"name":"PractitionerRolePartOf","description":"Permet de faire le lien avec un exercice professionnel. Cette extension est à utiliser dans le profil situation d'exercice de la ressource PractitionerRole.","exampleBoolean":false,"groupingId":"-str-extension"},{"extension":[{"url":"http://hl7.org/fhir/StructureDefinition/implementationguide-page","valueUri":"StructureDefinition-practitionerRole-PracticeRegion.html"}],"reference":{"reference":"StructureDefinition/practitionerRole-PracticeRegion"},"name":"PractitionerRolePracticeRegion","description":"Région d'exercice du professionnel","exampleBoolean":false,"groupingId":"-str-extension"},{"extension":[{"url":"http://hl7.org/fhir/StructureDefinition/implementationguide-page","valueUri":"StructureDefinition-PractitionerRole-Registration.html"}],"reference":{"reference":"StructureDefinition/PractitionerRole-Registration"},"name":"PractitionerRoleRegistration","description":"Inscription/référencement du professionnel. Première inscription si \"isFirst = true\".","exampleBoolean":false,"groupingId":"-str-extension"},{"extension":[{"url":"http://hl7.org/fhir/StructureDefinition/implementationguide-page","valueUri":"StructureDefinition-PractitionerRole-SmartCard.html"}],"reference":{"reference":"StructureDefinition/PractitionerRole-SmartCard"},"name":"PractitionerRoleSmartCard","description":"Informations descriptives du moyen d’identification des personnes physiques via une carte de professionnel.","exampleBoolean":false,"groupingId":"-str-extension"},{"extension":[{"url":"http://hl7.org/fhir/StructureDefinition/implementationguide-page","valueUri":"StructureDefinition-PractitionerRole-VitaleAccepted.html"}],"reference":{"reference":"StructureDefinition/PractitionerRole-VitaleAccepted"},"name":"PractitionerRoleVitaleAccepted","exampleBoolean":false,"groupingId":"-str-extension"}],"page":{"extension":[{"url":"http://hl7.org/fhir/tools/StructureDefinition/ig-page-name","valueUrl":"toc.html"}],"nameUrl":"toc.html","title":"Table of Contents","generation":"html","page":[{"extension":[{"url":"http://hl7.org/fhir/tools/StructureDefinition/ig-page-name","valueUrl":"index.html"}],"nameUrl":"index.html","title":"Accueil","generation":"markdown"},{"extension":[{"url":"http://hl7.org/fhir/tools/StructureDefinition/ig-page-name","valueUrl":"specifications_fonctionnelles.html"}],"nameUrl":"specifications_fonctionnelles.html","title":"Specifications Fonctionnelles","generation":"markdown"},{"extension":[{"url":"http://hl7.org/fhir/tools/StructureDefinition/ig-page-name","valueUrl":"specifications_techniques.html"}],"nameUrl":"specifications_techniques.html","title":"Specifications Techniques","generation":"markdown"},{"extension":[{"url":"http://hl7.org/fhir/tools/StructureDefinition/ig-page-name","valueUrl":"downloads.html"}],"nameUrl":"downloads.html","title":"Téléchargements et usages","generation":"markdown","page":[{"extension":[{"url":"http://hl7.org/fhir/tools/StructureDefinition/ig-page-name","valueUrl":"securite.html"}],"nameUrl":"securite.html","title":"Sécurité","generation":"markdown"}]},{"extension":[{"url":"http://hl7.org/fhir/tools/StructureDefinition/ig-page-name","valueUrl":"autres_ressources.html"}],"nameUrl":"autres_ressources.html","title":"Autres Ressources","generation":"markdown"},{"extension":[{"url":"http://hl7.org/fhir/tools/StructureDefinition/ig-page-name","valueUrl":"about.html"}],"nameUrl":"about.html","title":"A propos de ce guide","generation":"markdown"},{"extension":[{"url":"http://hl7.org/fhir/tools/StructureDefinition/ig-page-name","valueUrl":"artifacts.html"}],"nameUrl":"artifacts.html","title":"Artifacts Summary","generation":"html","page":[{"extension":[{"url":"http://hl7.org/fhir/tools/StructureDefinition/ig-page-name","valueUrl":"StructureDefinition-AS-Device.html"}],"nameUrl":"StructureDefinition-AS-Device.html","title":"ASDevice","generation":"generated"},{"extension":[{"url":"http://hl7.org/fhir/tools/StructureDefinition/ig-page-name","valueUrl":"StructureDefinition-AS-HealthcareService-HealthCareActivity.html"}],"nameUrl":"StructureDefinition-AS-HealthcareService-HealthCareActivity.html","title":"ASHealthcareServiceHealthCareActivity","generation":"generated"},{"extension":[{"url":"http://hl7.org/fhir/tools/StructureDefinition/ig-page-name","valueUrl":"StructureDefinition-AS-HealthcareService-SocialEquipment.html"}],"nameUrl":"StructureDefinition-AS-HealthcareService-SocialEquipment.html","title":"ASHealthcareServiceSocialEquipment","generation":"generated"},{"extension":[{"url":"http://hl7.org/fhir/tools/StructureDefinition/ig-page-name","valueUrl":"StructureDefinition-AS-Location.html"}],"nameUrl":"StructureDefinition-AS-Location.html","title":"ASLocation","generation":"generated"},{"extension":[{"url":"http://hl7.org/fhir/tools/StructureDefinition/ig-page-name","valueUrl":"StructureDefinition-AS-Organization.html"}],"nameUrl":"StructureDefinition-AS-Organization.html","title":"ASOrganization","generation":"generated"},{"extension":[{"url":"http://hl7.org/fhir/tools/StructureDefinition/ig-page-name","valueUrl":"StructureDefinition-AS-Practitioner.html"}],"nameUrl":"StructureDefinition-AS-Practitioner.html","title":"ASPractitioner","generation":"generated"},{"extension":[{"url":"http://hl7.org/fhir/tools/StructureDefinition/ig-page-name","valueUrl":"StructureDefinition-AS-PractitionerRole.html"}],"nameUrl":"StructureDefinition-AS-PractitionerRole.html","title":"ASPractitionerRole","generation":"generated"},{"extension":[{"url":"http://hl7.org/fhir/tools/StructureDefinition/ig-page-name","valueUrl":"StructureDefinition-AS-PractitionerRole-Ameli.html"}],"nameUrl":"StructureDefinition-AS-PractitionerRole-Ameli.html","title":"ASPractitionerRoleAmeli","generation":"generated"},{"extension":[{"url":"http://hl7.org/fhir/tools/StructureDefinition/ig-page-name","valueUrl":"StructureDefinition-CodeableConcept-Timed.html"}],"nameUrl":"StructureDefinition-CodeableConcept-Timed.html","title":"CodeableConceptTimed","generation":"generated"},{"extension":[{"url":"http://hl7.org/fhir/tools/StructureDefinition/ig-page-name","valueUrl":"StructureDefinition-Fr-Address-Extended.html"}],"nameUrl":"StructureDefinition-Fr-Address-Extended.html","title":"FrAddressExtended","generation":"generated"},{"extension":[{"url":"http://hl7.org/fhir/tools/StructureDefinition/ig-page-name","valueUrl":"StructureDefinition-Address-Country-Code.html"}],"nameUrl":"StructureDefinition-Address-Country-Code.html","title":"AdressCountryCode","generation":"generated"},{"extension":[{"url":"http://hl7.org/fhir/tools/StructureDefinition/ig-page-name","valueUrl":"StructureDefinition-CodeableConcept-Period.html"}],"nameUrl":"StructureDefinition-CodeableConcept-Period.html","title":"CodeableConceptPeriod","generation":"generated"},{"extension":[{"url":"http://hl7.org/fhir/tools/StructureDefinition/ig-page-name","valueUrl":"StructureDefinition-Device-AuthorizationDateDevice.html"}],"nameUrl":"StructureDefinition-Device-AuthorizationDateDevice.html","title":"DeviceAuthorizationDateDevice","generation":"generated"},{"extension":[{"url":"http://hl7.org/fhir/tools/StructureDefinition/ig-page-name","valueUrl":"StructureDefinition-Device-NumberAuthorizationARHGOS.html"}],"nameUrl":"StructureDefinition-Device-NumberAuthorizationARHGOS.html","title":"DeviceNumberaAuthorizationARHGOS","generation":"generated"},{"extension":[{"url":"http://hl7.org/fhir/tools/StructureDefinition/ig-page-name","valueUrl":"StructureDefinition-Device-PeriodImplantation.html"}],"nameUrl":"StructureDefinition-Device-PeriodImplantation.html","title":"DevicePeriodImplantation","generation":"generated"},{"extension":[{"url":"http://hl7.org/fhir/tools/StructureDefinition/ig-page-name","valueUrl":"StructureDefinition-DigitalCertificate.html"}],"nameUrl":"StructureDefinition-DigitalCertificate.html","title":"DigitalCertificate","generation":"generated"},{"extension":[{"url":"http://hl7.org/fhir/tools/StructureDefinition/ig-page-name","valueUrl":"StructureDefinition-French-Department.html"}],"nameUrl":"StructureDefinition-French-Department.html","title":"FrenchDepartment","generation":"generated"},{"extension":[{"url":"http://hl7.org/fhir/tools/StructureDefinition/ig-page-name","valueUrl":"StructureDefinition-HealthcareService-ActivityType.html"}],"nameUrl":"StructureDefinition-HealthcareService-ActivityType.html","title":"HealthcareServiceActivityType","generation":"generated"},{"extension":[{"url":"http://hl7.org/fhir/tools/StructureDefinition/ig-page-name","valueUrl":"StructureDefinition-HealthcareService-AuthorizationDate.html"}],"nameUrl":"StructureDefinition-HealthcareService-AuthorizationDate.html","title":"HealthcareServiceAuthorizationDate","generation":"generated"},{"extension":[{"url":"http://hl7.org/fhir/tools/StructureDefinition/ig-page-name","valueUrl":"StructureDefinition-HealthcareService-AuthorizationNumberARHGOS.html"}],"nameUrl":"StructureDefinition-HealthcareService-AuthorizationNumberARHGOS.html","title":"HealthcareServiceAuthorizationNumberARHGOS","generation":"generated"},{"extension":[{"url":"http://hl7.org/fhir/tools/StructureDefinition/ig-page-name","valueUrl":"StructureDefinition-HealthcareService-DateUpdateActivity.html"}],"nameUrl":"StructureDefinition-HealthcareService-DateUpdateActivity.html","title":"HealthcareServiceDateUpdateActivity","generation":"generated"},{"extension":[{"url":"http://hl7.org/fhir/tools/StructureDefinition/ig-page-name","valueUrl":"StructureDefinition-HealthcareService-DeleteAutorizationImplantation.html"}],"nameUrl":"StructureDefinition-HealthcareService-DeleteAutorizationImplantation.html","title":"HealthcareServiceDeleteAutorizationImplantation","generation":"generated"},{"extension":[{"url":"http://hl7.org/fhir/tools/StructureDefinition/ig-page-name","valueUrl":"StructureDefinition-HealthcareService-ImplementationPeriod.html"}],"nameUrl":"StructureDefinition-HealthcareService-ImplementationPeriod.html","title":"HealthcareServiceImplementationPeriod","generation":"generated"},{"extension":[{"url":"http://hl7.org/fhir/tools/StructureDefinition/ig-page-name","valueUrl":"StructureDefinition-HealthcareService-InstallationDate.html"}],"nameUrl":"StructureDefinition-HealthcareService-InstallationDate.html","title":"HealthcareServiceInstallationDate","generation":"generated"},{"extension":[{"url":"http://hl7.org/fhir/tools/StructureDefinition/ig-page-name","valueUrl":"StructureDefinition-MailboxMSS.html"}],"nameUrl":"StructureDefinition-MailboxMSS.html","title":"MailboxMSS","generation":"generated"},{"extension":[{"url":"http://hl7.org/fhir/tools/StructureDefinition/ig-page-name","valueUrl":"StructureDefinition-Organization-PharmacyLicence.html"}],"nameUrl":"StructureDefinition-Organization-PharmacyLicence.html","title":"OrganizationPharmacyLicence","generation":"generated"},{"extension":[{"url":"http://hl7.org/fhir/tools/StructureDefinition/ig-page-name","valueUrl":"StructureDefinition-Practitioner-Authorization.html"}],"nameUrl":"StructureDefinition-Practitioner-Authorization.html","title":"PractitionerAuthorization","generation":"generated"},{"extension":[{"url":"http://hl7.org/fhir/tools/StructureDefinition/ig-page-name","valueUrl":"StructureDefinition-Practitioner-BirthPlace.html"}],"nameUrl":"StructureDefinition-Practitioner-BirthPlace.html","title":"PractitionerBirthPlace","generation":"generated"},{"extension":[{"url":"http://hl7.org/fhir/tools/StructureDefinition/ig-page-name","valueUrl":"StructureDefinition-Practitioner-DeceasedDateTime.html"}],"nameUrl":"StructureDefinition-Practitioner-DeceasedDateTime.html","title":"PractitionerDeceasedDateTime","generation":"generated"},{"extension":[{"url":"http://hl7.org/fhir/tools/StructureDefinition/ig-page-name","valueUrl":"StructureDefinition-Practitioner-Nationality.html"}],"nameUrl":"StructureDefinition-Practitioner-Nationality.html","title":"PractitionerNationality","generation":"generated"},{"extension":[{"url":"http://hl7.org/fhir/tools/StructureDefinition/ig-page-name","valueUrl":"StructureDefinition-PractitionerRole-ActivityType.html"}],"nameUrl":"StructureDefinition-PractitionerRole-ActivityType.html","title":"PractitionerRoleActivityType","generation":"generated"},{"extension":[{"url":"http://hl7.org/fhir/tools/StructureDefinition/ig-page-name","valueUrl":"StructureDefinition-PractitionerRole-AppointmentRequired.html"}],"nameUrl":"StructureDefinition-PractitionerRole-AppointmentRequired.html","title":"PractitionerRoleAppointmentRequired","generation":"generated"},{"extension":[{"url":"http://hl7.org/fhir/tools/StructureDefinition/ig-page-name","valueUrl":"StructureDefinition-PractitionerRole-Contracted.html"}],"nameUrl":"StructureDefinition-PractitionerRole-Contracted.html","title":"PractitionerRoleContracted","generation":"generated"},{"extension":[{"url":"http://hl7.org/fhir/tools/StructureDefinition/ig-page-name","valueUrl":"StructureDefinition-PractitionerRole-EducationLevel.html"}],"nameUrl":"StructureDefinition-PractitionerRole-EducationLevel.html","title":"PractitionerRoleEducationLevel","generation":"generated"},{"extension":[{"url":"http://hl7.org/fhir/tools/StructureDefinition/ig-page-name","valueUrl":"StructureDefinition-PractitionerRole-EndCause.html"}],"nameUrl":"StructureDefinition-PractitionerRole-EndCause.html","title":"PractitionerRoleEndCause","generation":"generated"},{"extension":[{"url":"http://hl7.org/fhir/tools/StructureDefinition/ig-page-name","valueUrl":"StructureDefinition-PractitionerRole-HasCAS.html"}],"nameUrl":"StructureDefinition-PractitionerRole-HasCAS.html","title":"PractitionerRoleHasCAS","generation":"generated"},{"extension":[{"url":"http://hl7.org/fhir/tools/StructureDefinition/ig-page-name","valueUrl":"StructureDefinition-PractitionerRole-HomeCare.html"}],"nameUrl":"StructureDefinition-PractitionerRole-HomeCare.html","title":"PractitionerRoleHomeCare","generation":"generated"},{"extension":[{"url":"http://hl7.org/fhir/tools/StructureDefinition/ig-page-name","valueUrl":"StructureDefinition-PractitionerRole-Name.html"}],"nameUrl":"StructureDefinition-PractitionerRole-Name.html","title":"PractitionerRoleName","generation":"generated"},{"extension":[{"url":"http://hl7.org/fhir/tools/StructureDefinition/ig-page-name","valueUrl":"StructureDefinition-PractitionerRole-PartOf.html"}],"nameUrl":"StructureDefinition-PractitionerRole-PartOf.html","title":"PractitionerRolePartOf","generation":"generated"},{"extension":[{"url":"http://hl7.org/fhir/tools/StructureDefinition/ig-page-name","valueUrl":"StructureDefinition-practitionerRole-PracticeRegion.html"}],"nameUrl":"StructureDefinition-practitionerRole-PracticeRegion.html","title":"PractitionerRolePracticeRegion","generation":"generated"},{"extension":[{"url":"http://hl7.org/fhir/tools/StructureDefinition/ig-page-name","valueUrl":"StructureDefinition-PractitionerRole-Registration.html"}],"nameUrl":"StructureDefinition-PractitionerRole-Registration.html","title":"PractitionerRoleRegistration","generation":"generated"},{"extension":[{"url":"http://hl7.org/fhir/tools/StructureDefinition/ig-page-name","valueUrl":"StructureDefinition-PractitionerRole-SmartCard.html"}],"nameUrl":"StructureDefinition-PractitionerRole-SmartCard.html","title":"PractitionerRoleSmartCard","generation":"generated"},{"extension":[{"url":"http://hl7.org/fhir/tools/StructureDefinition/ig-page-name","valueUrl":"StructureDefinition-PractitionerRole-VitaleAccepted.html"}],"nameUrl":"StructureDefinition-PractitionerRole-VitaleAccepted.html","title":"PractitionerRoleVitaleAccepted","generation":"generated"}]}]},"parameter":[{"code":"path-resource","value":"input/capabilities"},{"code":"path-resource","value":"input/examples"},{"code":"path-resource","value":"input/extensions"},{"code":"path-resource","value":"input/models"},{"code":"path-resource","value":"input/operations"},{"code":"path-resource","value":"input/profiles"},{"code":"path-resource","value":"input/resources"},{"code":"path-resource","value":"input/vocabulary"},{"code":"path-resource","value":"input/maps"},{"code":"path-resource","value":"input/testing"},{"code":"path-resource","value":"input/history"},{"code":"path-resource","value":"fsh-generated/resources"},{"code":"path-pages","value":"template/config"},{"code":"path-pages","value":"input/images"},{"code":"path-tx-cache","value":"input-cache/txcache"}]}}