{"resourceType":"StructureDefinition","id":"Fr-Address-Extended","meta":{"lastUpdated":"2022-07-25T17:40:40.0522362+00:00"},"text":{"status":"extensions","div":"<div xmlns=\"http://www.w3.org/1999/xhtml\"><table border=\"0\" cellpadding=\"0\" cellspacing=\"0\" style=\"border: 0px #F0F0F0 solid; font-size: 11px; font-family: verdana; vertical-align: top;\"><tr style=\"border: 1px #F0F0F0 solid; font-size: 11px; font-family: verdana; vertical-align: top\"><th style=\"vertical-align: top; text-align : left; background-color: white; border: 0px #F0F0F0 solid; padding:0px 4px 0px 4px\" class=\"hierarchy\"><a href=\"https://build.fhir.org/ig/FHIR/ig-guidance/readingIgs.html#table-views\" title=\"The logical name of the element\">Name</a></th><th style=\"vertical-align: top; text-align : left; background-color: white; border: 0px #F0F0F0 solid; padding:0px 4px 0px 4px\" class=\"hierarchy\"><a href=\"https://build.fhir.org/ig/FHIR/ig-guidance/readingIgs.html#table-views\" title=\"Information about the use of the element\">Flags</a></th><th style=\"vertical-align: top; text-align : left; background-color: white; border: 0px #F0F0F0 solid; padding:0px 4px 0px 4px\" class=\"hierarchy\"><a href=\"https://build.fhir.org/ig/FHIR/ig-guidance/readingIgs.html#table-views\" title=\"Minimum and Maximum # of times the the element can appear in the instance\">Card.</a></th><th style=\"width: 100px\" class=\"hierarchy\"><a href=\"https://build.fhir.org/ig/FHIR/ig-guidance/readingIgs.html#table-views\" title=\"Reference to the type of the element\">Type</a></th><th style=\"vertical-align: top; text-align : left; background-color: white; border: 0px #F0F0F0 solid; padding:0px 4px 0px 4px\" class=\"hierarchy\"><a href=\"https://build.fhir.org/ig/FHIR/ig-guidance/readingIgs.html#table-views\" title=\"Additional information about the element\">Description &amp; Constraints</a><span style=\"float: right\"><a href=\"https://build.fhir.org/ig/FHIR/ig-guidance/readingIgs.html#table-views\" title=\"Legend for this format\"><img src=\"http://hl7.org/fhir/R4/help16.png\" alt=\"doco\" style=\"background-color: inherit\"/></a></span></th></tr><tr style=\"border: 0px #F0F0F0 solid; padding:0px; vertical-align: top; background-color: white\"><td style=\"vertical-align: top; text-align : left; background-color: white; border: 0px #F0F0F0 solid; padding:0px 4px 0px 4px; white-space: nowrap; background-image: url(tbl_bck1.png)\" class=\"hierarchy\"><img src=\"tbl_spacer.png\" alt=\".\" style=\"background-color: inherit\" class=\"hierarchy\"/><img src=\"icon_element.gif\" alt=\".\" style=\"background-color: white; background-color: inherit\" title=\"Element\" class=\"hierarchy\"/> <a href=\"StructureDefinition-Fr-Address-Extended-definitions.html#Address\">Address</a><a name=\"Address\"> </a></td><td style=\"vertical-align: top; text-align : left; background-color: white; border: 0px #F0F0F0 solid; padding:0px 4px 0px 4px\" class=\"hierarchy\"/><td style=\"vertical-align: top; text-align : left; background-color: white; border: 0px #F0F0F0 solid; padding:0px 4px 0px 4px\" class=\"hierarchy\"><span style=\"opacity: 0.5\">0</span><span style=\"opacity: 0.5\">..</span><span style=\"opacity: 0.5\">*</span></td><td style=\"vertical-align: top; text-align : left; background-color: white; border: 0px #F0F0F0 solid; padding:0px 4px 0px 4px\" class=\"hierarchy\"><a href=\"https://simplifier.net/resolve?scope=hl7.fhir.fr.core@1.1.0&amp;canonical=http://interopsante.org/fhir/StructureDefinition/FrAddress\">FrAddress</a></td><td style=\"vertical-align: top; text-align : left; background-color: white; border: 0px #F0F0F0 solid; padding:0px 4px 0px 4px\" class=\"hierarchy\"><span style=\"opacity: 0.5\">An address expressed using postal conventions (as opposed to GPS or other location definition formats)</span></td></tr>\r\n<tr style=\"border: 0px #F0F0F0 solid; padding:0px; vertical-align: top; background-color: #F7F7F7\"><td style=\"vertical-align: top; text-align : left; background-color: #F7F7F7; border: 0px #F0F0F0 solid; padding:0px 4px 0px 4px; white-space: nowrap; background-image: url(tbl_bck14.png)\" class=\"hierarchy\"><img src=\"tbl_spacer.png\" alt=\".\" style=\"background-color: inherit\" class=\"hierarchy\"/><img src=\"tbl_vjoin.png\" alt=\".\" style=\"background-color: inherit\" class=\"hierarchy\"/><img src=\"icon_slice_item.png\" alt=\".\" style=\"background-color: #F7F7F7; background-color: inherit\" title=\"Slice Item\" class=\"hierarchy\"/> <a href=\"StructureDefinition-Fr-Address-Extended-definitions.html#Address.extension:frenchDepartment\" title=\"Extension URL = http://interop.esante.gouv.fr/ig/fhir/as03/StructureDefinition/French-Department\">frenchDepartment</a><a name=\"Address.extension\"> </a></td><td style=\"vertical-align: top; text-align : left; background-color: #F7F7F7; border: 0px #F0F0F0 solid; padding:0px 4px 0px 4px\" class=\"hierarchy\"/><td style=\"vertical-align: top; text-align : left; background-color: #F7F7F7; border: 0px #F0F0F0 solid; padding:0px 4px 0px 4px\" class=\"hierarchy\">0..1</td><td style=\"vertical-align: top; text-align : left; background-color: #F7F7F7; border: 0px #F0F0F0 solid; padding:0px 4px 0px 4px\" class=\"hierarchy\"><a href=\"http://hl7.org/fhir/R4/datatypes.html#CodeableConcept\">CodeableConcept</a></td><td style=\"vertical-align: top; text-align : left; background-color: #F7F7F7; border: 0px #F0F0F0 solid; padding:0px 4px 0px 4px\" class=\"hierarchy\"><span style=\"opacity: 0.5\">Extension</span><br/><span style=\"font-weight:bold\">URL: </span><a href=\"http://hl7.org/fhir/R4/StructureDefinition-French-Department.html\">http://interop.esante.gouv.fr/ig/fhir/as03/StructureDefinition/French-Department</a><br/><span style=\"font-weight:bold\">Binding: </span><a href=\"https://mos.esante.gouv.fr/NOS/JDV_J84-DepartementOM-RASS/FHIR/JDV-J84-DepartementOM-RASS\">https://mos.esante.gouv.fr/NOS/JDV_J84-DepartementOM-RASS/FHIR/JDV-J84-DepartementOM-RASS</a> (<a href=\"http://hl7.org/fhir/R4/terminologies.html#required\" title=\"To be conformant, the concept in this element SHALL be from the specified value set.\">required</a>): Départements (outre-mer et Monaco inclus) pour le RASS;https://mos.esante.gouv.fr/NOS/JDV_J84-DepartementOM-RASS/FHIR/JDV-J84-DepartementOM-RASS<br/><br/></td></tr>\r\n<tr style=\"border: 0px #F0F0F0 solid; padding:0px; vertical-align: top; background-color: white\"><td style=\"vertical-align: top; text-align : left; background-color: white; border: 0px #F0F0F0 solid; padding:0px 4px 0px 4px; white-space: nowrap; background-image: url(tbl_bck14.png)\" class=\"hierarchy\"><img src=\"tbl_spacer.png\" alt=\".\" style=\"background-color: inherit\" class=\"hierarchy\"/><img src=\"tbl_vjoin.png\" alt=\".\" style=\"background-color: inherit\" class=\"hierarchy\"/><img src=\"icon_slice_item.png\" alt=\".\" style=\"background-color: white; background-color: inherit\" title=\"Slice Item\" class=\"hierarchy\"/> <a href=\"StructureDefinition-Fr-Address-Extended-definitions.html#Address.extension:countryCode\" title=\"Extension URL = http://interop.esante.gouv.fr/ig/fhir/as03/StructureDefinition/Address-Country-Code\">countryCode</a><a name=\"Address.extension\"> </a></td><td style=\"vertical-align: top; text-align : left; background-color: white; border: 0px #F0F0F0 solid; padding:0px 4px 0px 4px\" class=\"hierarchy\"/><td style=\"vertical-align: top; text-align : left; background-color: white; border: 0px #F0F0F0 solid; padding:0px 4px 0px 4px\" class=\"hierarchy\">0..1</td><td style=\"vertical-align: top; text-align : left; background-color: white; border: 0px #F0F0F0 solid; padding:0px 4px 0px 4px\" class=\"hierarchy\"><a href=\"http://hl7.org/fhir/R4/datatypes.html#code\">code</a></td><td style=\"vertical-align: top; text-align : left; background-color: white; border: 0px #F0F0F0 solid; padding:0px 4px 0px 4px\" class=\"hierarchy\"><span style=\"opacity: 0.5\">Extension</span><br/><span style=\"font-weight:bold\">URL: </span><a href=\"http://hl7.org/fhir/R4/StructureDefinition-Address-Country-Code.html\">http://interop.esante.gouv.fr/ig/fhir/as03/StructureDefinition/Address-Country-Code</a><br/><span style=\"font-weight:bold\">Binding: </span><a href=\"https://mos.esante.gouv.fr/NOS/JDV_J74-Pays-RASS/FHIR/JDV-J74-Pays-RASS\">https://mos.esante.gouv.fr/NOS/JDV_J74-Pays-RASS/FHIR/JDV-J74-Pays-RASS</a> (<a href=\"http://hl7.org/fhir/R4/terminologies.html#required\" title=\"To be conformant, the concept in this element SHALL be from the specified value set.\">required</a>): Pays (codes INSEE) du RASS; http://mos.asipsante.fr/NOS/TABS/JDV_J74-Pays-RASS.tabs<br/><br/></td></tr>\r\n<tr style=\"border: 0px #F0F0F0 solid; padding:0px; vertical-align: top; background-color: #F7F7F7\"><td style=\"vertical-align: top; text-align : left; background-color: #F7F7F7; border: 0px #F0F0F0 solid; padding:0px 4px 0px 4px; white-space: nowrap; background-image: url(tbl_bck01.png)\" class=\"hierarchy\"><img src=\"tbl_spacer.png\" alt=\".\" style=\"background-color: inherit\" class=\"hierarchy\"/><img src=\"tbl_vjoin_end.png\" alt=\".\" style=\"background-color: inherit\" class=\"hierarchy\"/><img src=\"icon_element.gif\" alt=\".\" style=\"background-color: #F7F7F7; background-color: inherit\" title=\"Element\" class=\"hierarchy\"/> <a href=\"StructureDefinition-Fr-Address-Extended-definitions.html#Address.line\">line</a><a name=\"Address.line\"> </a></td><td style=\"vertical-align: top; text-align : left; background-color: #F7F7F7; border: 0px #F0F0F0 solid; padding:0px 4px 0px 4px\" class=\"hierarchy\"/><td style=\"vertical-align: top; text-align : left; background-color: #F7F7F7; border: 0px #F0F0F0 solid; padding:0px 4px 0px 4px\" class=\"hierarchy\"/><td style=\"vertical-align: top; text-align : left; background-color: #F7F7F7; border: 0px #F0F0F0 solid; padding:0px 4px 0px 4px\" class=\"hierarchy\"/><td style=\"vertical-align: top; text-align : left; background-color: #F7F7F7; border: 0px #F0F0F0 solid; padding:0px 4px 0px 4px\" class=\"hierarchy\"/></tr>\r\n<tr style=\"border: 0px #F0F0F0 solid; padding:0px; vertical-align: top; background-color: white\"><td style=\"vertical-align: top; text-align : left; background-color: white; border: 0px #F0F0F0 solid; padding:0px 4px 0px 4px; white-space: nowrap; background-image: url(tbl_bck012.png)\" class=\"hierarchy\"><img src=\"tbl_spacer.png\" alt=\".\" style=\"background-color: inherit\" class=\"hierarchy\"/><img src=\"tbl_blank.png\" alt=\".\" style=\"background-color: inherit\" class=\"hierarchy\"/><img src=\"tbl_vjoin.png\" alt=\".\" style=\"background-color: inherit\" class=\"hierarchy\"/><img src=\"icon_extension_simple.png\" alt=\".\" style=\"background-color: white; background-color: inherit\" title=\"Simple Extension\" class=\"hierarchy\"/> <a href=\"StructureDefinition-Fr-Address-Extended-definitions.html#Address.line.extension\">Slices for extension</a><a name=\"Address.line.extension\"> </a></td><td style=\"vertical-align: top; text-align : left; background-color: white; border: 0px #F0F0F0 solid; padding:0px 4px 0px 4px\" class=\"hierarchy\"/><td style=\"vertical-align: top; text-align : left; background-color: white; border: 0px #F0F0F0 solid; padding:0px 4px 0px 4px\" class=\"hierarchy\"><span style=\"opacity: 0.5\">0</span><span style=\"opacity: 0.5\">..</span><span style=\"opacity: 0.5\">*</span></td><td style=\"vertical-align: top; text-align : left; background-color: white; border: 0px #F0F0F0 solid; padding:0px 4px 0px 4px\" class=\"hierarchy\"><a style=\"opacity: 0.5\" href=\"http://hl7.org/fhir/R4/extensibility.html#Extension\">Extension</a></td><td style=\"vertical-align: top; text-align : left; background-color: white; border: 0px #F0F0F0 solid; padding:0px 4px 0px 4px\" class=\"hierarchy\"><span style=\"opacity: 0.5\">Extension</span><br/><span style=\"font-weight:bold\">Slice: </span>Unordered, Open by value:url</td></tr>\r\n<tr style=\"border: 0px #F0F0F0 solid; padding:0px; vertical-align: top; background-color: #F7F7F7\"><td style=\"vertical-align: top; text-align : left; background-color: #F7F7F7; border: 0px #F0F0F0 solid; padding:0px 4px 0px 4px; white-space: nowrap; background-image: url(tbl_bck014.png)\" class=\"hierarchy\"><img src=\"tbl_spacer.png\" alt=\".\" style=\"background-color: inherit\" class=\"hierarchy\"/><img src=\"tbl_blank.png\" alt=\".\" style=\"background-color: inherit\" class=\"hierarchy\"/><img src=\"tbl_vjoin.png\" alt=\".\" style=\"background-color: inherit\" class=\"hierarchy\"/><img src=\"icon_slice_item.png\" alt=\".\" style=\"background-color: #F7F7F7; background-color: inherit\" title=\"Slice Item\" class=\"hierarchy\"/> <a href=\"StructureDefinition-Fr-Address-Extended-definitions.html#Address.line.extension:careOf\" title=\"Extension URL = http://hl7.org/fhir/StructureDefinition/iso21090-ADXP-careOf\">careOf</a><a name=\"Address.line.extension\"> </a></td><td style=\"vertical-align: top; text-align : left; background-color: #F7F7F7; border: 0px #F0F0F0 solid; padding:0px 4px 0px 4px\" class=\"hierarchy\"/><td style=\"vertical-align: top; text-align : left; background-color: #F7F7F7; border: 0px #F0F0F0 solid; padding:0px 4px 0px 4px\" class=\"hierarchy\">0..*</td><td style=\"vertical-align: top; text-align : left; background-color: #F7F7F7; border: 0px #F0F0F0 solid; padding:0px 4px 0px 4px\" class=\"hierarchy\"><a href=\"http://hl7.org/fhir/R4/datatypes.html#string\">string</a></td><td style=\"vertical-align: top; text-align : left; background-color: #F7F7F7; border: 0px #F0F0F0 solid; padding:0px 4px 0px 4px\" class=\"hierarchy\"><span style=\"opacity: 0.5\">careOf</span><br/><span style=\"font-weight:bold\">URL: </span><a href=\"http://hl7.org/fhir/R4/extension-iso21090-adxp-careof.html\">http://hl7.org/fhir/StructureDefinition/iso21090-ADXP-careOf</a><br/></td></tr>\r\n<tr style=\"border: 0px #F0F0F0 solid; padding:0px; vertical-align: top; background-color: white\"><td style=\"vertical-align: top; text-align : left; background-color: white; border: 0px #F0F0F0 solid; padding:0px 4px 0px 4px; white-space: nowrap; background-image: url(tbl_bck014.png)\" class=\"hierarchy\"><img src=\"tbl_spacer.png\" alt=\".\" style=\"background-color: inherit\" class=\"hierarchy\"/><img src=\"tbl_blank.png\" alt=\".\" style=\"background-color: inherit\" class=\"hierarchy\"/><img src=\"tbl_vjoin.png\" alt=\".\" style=\"background-color: inherit\" class=\"hierarchy\"/><img src=\"icon_slice_item.png\" alt=\".\" style=\"background-color: white; background-color: inherit\" title=\"Slice Item\" class=\"hierarchy\"/> <a href=\"StructureDefinition-Fr-Address-Extended-definitions.html#Address.line.extension:additionalLocator\" title=\"Extension URL = http://hl7.org/fhir/StructureDefinition/iso21090-ADXP-additionalLocator\">additionalLocator</a><a name=\"Address.line.extension\"> </a></td><td style=\"vertical-align: top; text-align : left; background-color: white; border: 0px #F0F0F0 solid; padding:0px 4px 0px 4px\" class=\"hierarchy\"/><td style=\"vertical-align: top; text-align : left; background-color: white; border: 0px #F0F0F0 solid; padding:0px 4px 0px 4px\" class=\"hierarchy\">0..*</td><td style=\"vertical-align: top; text-align : left; background-color: white; border: 0px #F0F0F0 solid; padding:0px 4px 0px 4px\" class=\"hierarchy\"><a href=\"http://hl7.org/fhir/R4/datatypes.html#string\">string</a></td><td style=\"vertical-align: top; text-align : left; background-color: white; border: 0px #F0F0F0 solid; padding:0px 4px 0px 4px\" class=\"hierarchy\"><span style=\"opacity: 0.5\">additionalLocator</span><br/><span style=\"font-weight:bold\">URL: </span><a href=\"http://hl7.org/fhir/R4/extension-iso21090-adxp-additionallocator.html\">http://hl7.org/fhir/StructureDefinition/iso21090-ADXP-additionalLocator</a><br/></td></tr>\r\n<tr style=\"border: 0px #F0F0F0 solid; padding:0px; vertical-align: top; background-color: #F7F7F7\"><td style=\"vertical-align: top; text-align : left; background-color: #F7F7F7; border: 0px #F0F0F0 solid; padding:0px 4px 0px 4px; white-space: nowrap; background-image: url(tbl_bck014.png)\" class=\"hierarchy\"><img src=\"tbl_spacer.png\" alt=\".\" style=\"background-color: inherit\" class=\"hierarchy\"/><img src=\"tbl_blank.png\" alt=\".\" style=\"background-color: inherit\" class=\"hierarchy\"/><img src=\"tbl_vjoin.png\" alt=\".\" style=\"background-color: inherit\" class=\"hierarchy\"/><img src=\"icon_slice_item.png\" alt=\".\" style=\"background-color: #F7F7F7; background-color: inherit\" title=\"Slice Item\" class=\"hierarchy\"/> <a href=\"StructureDefinition-Fr-Address-Extended-definitions.html#Address.line.extension:houseNumber\" title=\"Extension URL = http://hl7.org/fhir/StructureDefinition/iso21090-ADXP-houseNumber\">houseNumber</a><a name=\"Address.line.extension\"> </a></td><td style=\"vertical-align: top; text-align : left; background-color: #F7F7F7; border: 0px #F0F0F0 solid; padding:0px 4px 0px 4px\" class=\"hierarchy\"/><td style=\"vertical-align: top; text-align : left; background-color: #F7F7F7; border: 0px #F0F0F0 solid; padding:0px 4px 0px 4px\" class=\"hierarchy\">0..*</td><td style=\"vertical-align: top; text-align : left; background-color: #F7F7F7; border: 0px #F0F0F0 solid; padding:0px 4px 0px 4px\" class=\"hierarchy\"><a href=\"http://hl7.org/fhir/R4/datatypes.html#string\">string</a></td><td style=\"vertical-align: top; text-align : left; background-color: #F7F7F7; border: 0px #F0F0F0 solid; padding:0px 4px 0px 4px\" class=\"hierarchy\"><span style=\"opacity: 0.5\">houseNumber</span><br/><span style=\"font-weight:bold\">URL: </span><a href=\"http://hl7.org/fhir/R4/extension-iso21090-adxp-housenumber.html\">http://hl7.org/fhir/StructureDefinition/iso21090-ADXP-houseNumber</a><br/></td></tr>\r\n<tr style=\"border: 0px #F0F0F0 solid; padding:0px; vertical-align: top; background-color: white\"><td style=\"vertical-align: top; text-align : left; background-color: white; border: 0px #F0F0F0 solid; padding:0px 4px 0px 4px; white-space: nowrap; background-image: url(tbl_bck014.png)\" class=\"hierarchy\"><img src=\"tbl_spacer.png\" alt=\".\" style=\"background-color: inherit\" class=\"hierarchy\"/><img src=\"tbl_blank.png\" alt=\".\" style=\"background-color: inherit\" class=\"hierarchy\"/><img src=\"tbl_vjoin.png\" alt=\".\" style=\"background-color: inherit\" class=\"hierarchy\"/><img src=\"icon_slice_item.png\" alt=\".\" style=\"background-color: white; background-color: inherit\" title=\"Slice Item\" class=\"hierarchy\"/> <a href=\"StructureDefinition-Fr-Address-Extended-definitions.html#Address.line.extension:buildingNumberSuffix\" title=\"Extension URL = http://hl7.org/fhir/StructureDefinition/iso21090-ADXP-buildingNumberSuffix\">buildingNumberSuffix</a><a name=\"Address.line.extension\"> </a></td><td style=\"vertical-align: top; text-align : left; background-color: white; border: 0px #F0F0F0 solid; padding:0px 4px 0px 4px\" class=\"hierarchy\"/><td style=\"vertical-align: top; text-align : left; background-color: white; border: 0px #F0F0F0 solid; padding:0px 4px 0px 4px\" class=\"hierarchy\">0..*</td><td style=\"vertical-align: top; text-align : left; background-color: white; border: 0px #F0F0F0 solid; padding:0px 4px 0px 4px\" class=\"hierarchy\"><a href=\"http://hl7.org/fhir/R4/datatypes.html#string\">string</a></td><td style=\"vertical-align: top; text-align : left; background-color: white; border: 0px #F0F0F0 solid; padding:0px 4px 0px 4px\" class=\"hierarchy\"><span style=\"opacity: 0.5\">buildingNumberSuffix</span><br/><span style=\"font-weight:bold\">URL: </span><a href=\"http://hl7.org/fhir/R4/extension-iso21090-adxp-buildingnumbersuffix.html\">http://hl7.org/fhir/StructureDefinition/iso21090-ADXP-buildingNumberSuffix</a><br/></td></tr>\r\n<tr style=\"border: 0px #F0F0F0 solid; padding:0px; vertical-align: top; background-color: #F7F7F7\"><td style=\"vertical-align: top; text-align : left; background-color: #F7F7F7; border: 0px #F0F0F0 solid; padding:0px 4px 0px 4px; white-space: nowrap; background-image: url(tbl_bck014.png)\" class=\"hierarchy\"><img src=\"tbl_spacer.png\" alt=\".\" style=\"background-color: inherit\" class=\"hierarchy\"/><img src=\"tbl_blank.png\" alt=\".\" style=\"background-color: inherit\" class=\"hierarchy\"/><img src=\"tbl_vjoin.png\" alt=\".\" style=\"background-color: inherit\" class=\"hierarchy\"/><img src=\"icon_slice_item.png\" alt=\".\" style=\"background-color: #F7F7F7; background-color: inherit\" title=\"Slice Item\" class=\"hierarchy\"/> <a href=\"StructureDefinition-Fr-Address-Extended-definitions.html#Address.line.extension:streetNameType\" title=\"Extension URL = http://hl7.org/fhir/StructureDefinition/iso21090-ADXP-streetNameType\">streetNameType</a><a name=\"Address.line.extension\"> </a></td><td style=\"vertical-align: top; text-align : left; background-color: #F7F7F7; border: 0px #F0F0F0 solid; padding:0px 4px 0px 4px\" class=\"hierarchy\"/><td style=\"vertical-align: top; text-align : left; background-color: #F7F7F7; border: 0px #F0F0F0 solid; padding:0px 4px 0px 4px\" class=\"hierarchy\">0..*</td><td style=\"vertical-align: top; text-align : left; background-color: #F7F7F7; border: 0px #F0F0F0 solid; padding:0px 4px 0px 4px\" class=\"hierarchy\"><a href=\"http://hl7.org/fhir/R4/datatypes.html#string\">string</a></td><td style=\"vertical-align: top; text-align : left; background-color: #F7F7F7; border: 0px #F0F0F0 solid; padding:0px 4px 0px 4px\" class=\"hierarchy\"><span style=\"opacity: 0.5\">streetNameType</span><br/><span style=\"font-weight:bold\">URL: </span><a href=\"http://hl7.org/fhir/R4/extension-iso21090-adxp-streetnametype.html\">http://hl7.org/fhir/StructureDefinition/iso21090-ADXP-streetNameType</a><br/></td></tr>\r\n<tr style=\"border: 0px #F0F0F0 solid; padding:0px; vertical-align: top; background-color: white\"><td style=\"vertical-align: top; text-align : left; background-color: white; border: 0px #F0F0F0 solid; padding:0px 4px 0px 4px; white-space: nowrap; background-image: url(tbl_bck014.png)\" class=\"hierarchy\"><img src=\"tbl_spacer.png\" alt=\".\" style=\"background-color: inherit\" class=\"hierarchy\"/><img src=\"tbl_blank.png\" alt=\".\" style=\"background-color: inherit\" class=\"hierarchy\"/><img src=\"tbl_vjoin.png\" alt=\".\" style=\"background-color: inherit\" class=\"hierarchy\"/><img src=\"icon_slice_item.png\" alt=\".\" style=\"background-color: white; background-color: inherit\" title=\"Slice Item\" class=\"hierarchy\"/> <a href=\"StructureDefinition-Fr-Address-Extended-definitions.html#Address.line.extension:streetNamebase\" title=\"Extension URL = http://hl7.org/fhir/StructureDefinition/iso21090-ADXP-streetNameBase\">streetNamebase</a><a name=\"Address.line.extension\"> </a></td><td style=\"vertical-align: top; text-align : left; background-color: white; border: 0px #F0F0F0 solid; padding:0px 4px 0px 4px\" class=\"hierarchy\"/><td style=\"vertical-align: top; text-align : left; background-color: white; border: 0px #F0F0F0 solid; padding:0px 4px 0px 4px\" class=\"hierarchy\">0..*</td><td style=\"vertical-align: top; text-align : left; background-color: white; border: 0px #F0F0F0 solid; padding:0px 4px 0px 4px\" class=\"hierarchy\"><a href=\"http://hl7.org/fhir/R4/datatypes.html#string\">string</a></td><td style=\"vertical-align: top; text-align : left; background-color: white; border: 0px #F0F0F0 solid; padding:0px 4px 0px 4px\" class=\"hierarchy\"><span style=\"opacity: 0.5\">streetNameBase</span><br/><span style=\"font-weight:bold\">URL: </span><a href=\"http://hl7.org/fhir/R4/extension-iso21090-adxp-streetnamebase.html\">http://hl7.org/fhir/StructureDefinition/iso21090-ADXP-streetNameBase</a><br/></td></tr>\r\n<tr style=\"border: 0px #F0F0F0 solid; padding:0px; vertical-align: top; background-color: #F7F7F7\"><td style=\"vertical-align: top; text-align : left; background-color: #F7F7F7; border: 0px #F0F0F0 solid; padding:0px 4px 0px 4px; white-space: nowrap; background-image: url(tbl_bck004.png)\" class=\"hierarchy\"><img src=\"tbl_spacer.png\" alt=\".\" style=\"background-color: inherit\" class=\"hierarchy\"/><img src=\"tbl_blank.png\" alt=\".\" style=\"background-color: inherit\" class=\"hierarchy\"/><img src=\"tbl_vjoin_end.png\" alt=\".\" style=\"background-color: inherit\" class=\"hierarchy\"/><img src=\"icon_slice_item.png\" alt=\".\" style=\"background-color: #F7F7F7; background-color: inherit\" title=\"Slice Item\" class=\"hierarchy\"/> <a href=\"StructureDefinition-Fr-Address-Extended-definitions.html#Address.line.extension:postBox\" title=\"Extension URL = http://hl7.org/fhir/StructureDefinition/iso21090-ADXP-postBox\">postBox</a><a name=\"Address.line.extension\"> </a></td><td style=\"vertical-align: top; text-align : left; background-color: #F7F7F7; border: 0px #F0F0F0 solid; padding:0px 4px 0px 4px\" class=\"hierarchy\"/><td style=\"vertical-align: top; text-align : left; background-color: #F7F7F7; border: 0px #F0F0F0 solid; padding:0px 4px 0px 4px\" class=\"hierarchy\">0..*</td><td style=\"vertical-align: top; text-align : left; background-color: #F7F7F7; border: 0px #F0F0F0 solid; padding:0px 4px 0px 4px\" class=\"hierarchy\"><a href=\"http://hl7.org/fhir/R4/datatypes.html#string\">string</a></td><td style=\"vertical-align: top; text-align : left; background-color: #F7F7F7; border: 0px #F0F0F0 solid; padding:0px 4px 0px 4px\" class=\"hierarchy\"><span style=\"opacity: 0.5\">postBox</span><br/><span style=\"font-weight:bold\">URL: </span><a href=\"http://hl7.org/fhir/R4/extension-iso21090-adxp-postbox.html\">http://hl7.org/fhir/StructureDefinition/iso21090-ADXP-postBox</a><br/></td></tr>\r\n<tr><td colspan=\"5\" class=\"hierarchy\"><br/><a href=\"https://build.fhir.org/ig/FHIR/ig-guidance/readingIgs.html#table-views\" title=\"Legend for this format\"><img src=\"http://hl7.org/fhir/R4/help16.png\" alt=\"doco\" style=\"background-color: inherit\"/> Documentation for this format</a></td></tr></table></div>"},"url":"http://interop.esante.gouv.fr/ig/fhir/as03/StructureDefinition/Fr-Address-Extended","version":"0.1.0","name":"FrAddressExtended","status":"draft","date":"2023-03-16T16:32:36+01:00","publisher":"ANS","contact":[{"name":"ANS","telecom":[{"system":"url","value":"https://esante.gouv.fr"},{"system":"email","value":"monserviceclient.annuaire@esante.gouv.fr"}]}],"fhirVersion":"4.0.1","kind":"complex-type","abstract":false,"type":"Address","baseDefinition":"http://interopsante.org/fhir/StructureDefinition/FrAddress","derivation":"constraint","snapshot":{"element":[{"id":"Address","path":"Address","short":"An address expressed using postal conventions (as opposed to GPS or other location definition formats)","definition":"An address expressed using postal conventions (as opposed to GPS or other location definition formats).  This data type may be used to convey addresses for use in delivering mail as well as for visiting locations which might not be valid for mail delivery.  There are a variety of postal address formats defined around the world.","comment":"Note: address is intended to describe postal addresses for administrative purposes, not to describe absolute geographical coordinates.  Postal addresses are often used as proxies for physical locations (also see the [Location](location.html#) resource).","min":0,"max":"*","base":{"path":"Address","min":0,"max":"*"},"condition":["ele-1"],"mapping":[{"identity":"rim","map":"n/a"},{"identity":"v2","map":"XAD"},{"identity":"rim","map":"AD"},{"identity":"servd","map":"Address"}]},{"id":"Address.id","path":"Address.id","representation":["xmlAttr"],"short":"Unique id for inter-element referencing","definition":"Unique id for the element within a resource (for internal references). This may be any string value that does not contain spaces.","min":0,"max":"1","base":{"path":"Element.id","min":0,"max":"1"},"type":[{"extension":[{"url":"http://hl7.org/fhir/StructureDefinition/structuredefinition-fhir-type","valueUrl":"string"}],"code":"http://hl7.org/fhirpath/System.String"}],"mapping":[{"identity":"rim","map":"n/a"}]},{"id":"Address.extension","extension":[{"url":"http://hl7.org/fhir/StructureDefinition/structuredefinition-standards-status","valueCode":"normative"},{"url":"http://hl7.org/fhir/StructureDefinition/structuredefinition-normative-version","valueCode":"4.0.0"}],"path":"Address.extension","slicing":{"discriminator":[{"type":"value","path":"url"}],"description":"Extensions are always sliced by (at least) url","rules":"open"},"short":"Additional content defined by implementations","definition":"May be used to represent additional information that is not part of the basic definition of the element. To make the use of extensions safe and manageable, there is a strict set of governance  applied to the definition and use of extensions. Though any implementer can define an extension, there is a set of requirements that SHALL be met as part of the definition of the extension.","comment":"There can be no stigma associated with the use of extensions by any application, project, or standard - regardless of the institution or jurisdiction that uses or defines the extensions.  The use of extensions is what allows the FHIR specification to retain a core level of simplicity for everyone.","alias":["extensions","user content"],"min":0,"max":"*","base":{"path":"Element.extension","min":0,"max":"*"},"type":[{"code":"Extension"}],"condition":["ele-1"],"constraint":[{"key":"ele-1","severity":"error","human":"All FHIR elements must have a @value or children","expression":"hasValue() or (children().count() > id.count())","source":"http://hl7.org/fhir/StructureDefinition/Element"},{"key":"ext-1","severity":"error","human":"Must have either extensions or value[x], not both","expression":"extension.exists() != value.exists()","source":"http://hl7.org/fhir/StructureDefinition/Element"}],"mapping":[{"identity":"rim","map":"n/a"},{"identity":"rim","map":"N/A"}]},{"id":"Address.extension:inseeCode","extension":[{"url":"http://hl7.org/fhir/StructureDefinition/structuredefinition-standards-status","valueCode":"normative"},{"url":"http://hl7.org/fhir/StructureDefinition/structuredefinition-normative-version","valueCode":"4.0.0"}],"path":"Address.extension","sliceName":"inseeCode","short":"Optional Extensions Element","definition":"Optional Extension Element - found in all resources.","comment":"There can be no stigma associated with the use of extensions by any application, project, or standard - regardless of the institution or jurisdiction that uses or defines the extensions.  The use of extensions is what allows the FHIR specification to retain a core level of simplicity for everyone.","alias":["extensions","user content"],"min":0,"max":"1","base":{"path":"Element.extension","min":0,"max":"*"},"type":[{"code":"Extension","profile":["http://interopsante.org/fhir/StructureDefinition/FrAddressInseeCode"]}],"condition":["ele-1"],"constraint":[{"key":"ele-1","severity":"error","human":"All FHIR elements must have a @value or children","expression":"hasValue() or (children().count() > id.count())","source":"http://hl7.org/fhir/StructureDefinition/Element"},{"key":"ext-1","severity":"error","human":"Must have either extensions or value[x], not both","expression":"extension.exists() != value.exists()","source":"http://hl7.org/fhir/StructureDefinition/Element"}],"mapping":[{"identity":"rim","map":"n/a"},{"identity":"rim","map":"N/A"}]},{"id":"Address.extension:frenchDepartment","path":"Address.extension","sliceName":"frenchDepartment","short":"Extension","definition":"Département français","min":0,"max":"1","base":{"path":"Element.extension","min":0,"max":"*"},"type":[{"code":"Extension","profile":["http://interop.esante.gouv.fr/ig/fhir/as03/StructureDefinition/French-Department"]}],"condition":["ele-1"],"constraint":[{"key":"ele-1","severity":"error","human":"All FHIR elements must have a @value or children","expression":"hasValue() or (children().count() > id.count())","source":"http://hl7.org/fhir/StructureDefinition/Element"},{"key":"ext-1","severity":"error","human":"Must have either extensions or value[x], not both","expression":"extension.exists() != value.exists()","source":"http://hl7.org/fhir/StructureDefinition/Element"}]},{"id":"Address.extension:countryCode","path":"Address.extension","sliceName":"countryCode","short":"Extension","definition":"Code pays","min":0,"max":"1","base":{"path":"Element.extension","min":0,"max":"*"},"type":[{"code":"Extension","profile":["http://interop.esante.gouv.fr/ig/fhir/as03/StructureDefinition/Address-Country-Code"]}],"condition":["ele-1"],"constraint":[{"key":"ele-1","severity":"error","human":"All FHIR elements must have a @value or children","expression":"hasValue() or (children().count() > id.count())","source":"http://hl7.org/fhir/StructureDefinition/Element"},{"key":"ext-1","severity":"error","human":"Must have either extensions or value[x], not both","expression":"extension.exists() != value.exists()","source":"http://hl7.org/fhir/StructureDefinition/Element"}]},{"id":"Address.use","extension":[{"url":"http://hl7.org/fhir/StructureDefinition/structuredefinition-standards-status","valueCode":"normative"},{"url":"http://hl7.org/fhir/StructureDefinition/structuredefinition-normative-version","valueCode":"4.0.0"}],"path":"Address.use","short":"home | work | temp | old | billing - purpose of this address","definition":"The purpose of this address.","comment":"Applications can assume that an address is current unless it explicitly says that it is temporary or old.","requirements":"Allows an appropriate address to be chosen from a list of many.","min":0,"max":"1","base":{"path":"Address.use","min":0,"max":"1"},"type":[{"code":"code"}],"example":[{"label":"General","valueCode":"home"}],"condition":["ele-1"],"constraint":[{"key":"ele-1","severity":"error","human":"All FHIR elements must have a @value or children","expression":"hasValue() or (children().count() > id.count())","source":"http://hl7.org/fhir/StructureDefinition/Element"}],"isModifier":true,"isModifierReason":"This is labeled as \"Is Modifier\" because applications should not mistake a temporary or old address etc.for a current/permanent one","isSummary":true,"binding":{"extension":[{"url":"http://hl7.org/fhir/StructureDefinition/elementdefinition-bindingName","valueString":"AddressUse"}],"strength":"required","description":"The use of an address.","valueSet":"http://hl7.org/fhir/ValueSet/address-use"},"mapping":[{"identity":"rim","map":"n/a"},{"identity":"v2","map":"XAD.7"},{"identity":"rim","map":"unique(./use)"},{"identity":"servd","map":"./AddressPurpose"}]},{"id":"Address.type","extension":[{"url":"http://hl7.org/fhir/StructureDefinition/structuredefinition-standards-status","valueCode":"normative"},{"url":"http://hl7.org/fhir/StructureDefinition/structuredefinition-normative-version","valueCode":"4.0.0"}],"path":"Address.type","short":"postal | physical | both","definition":"Distinguishes between physical addresses (those you can visit) and mailing addresses (e.g. PO Boxes and care-of addresses). Most addresses are both.","comment":"The definition of Address states that \"address is intended to describe postal addresses, not physical locations\". However, many applications track whether an address has a dual purpose of being a location that can be visited as well as being a valid delivery destination, and Postal addresses are often used as proxies for physical locations (also see the [Location](location.html#) resource).","min":0,"max":"1","base":{"path":"Address.type","min":0,"max":"1"},"type":[{"code":"code"}],"example":[{"label":"General","valueCode":"both"}],"condition":["ele-1"],"constraint":[{"key":"ele-1","severity":"error","human":"All FHIR elements must have a @value or children","expression":"hasValue() or (children().count() > id.count())","source":"http://hl7.org/fhir/StructureDefinition/Element"}],"isSummary":true,"binding":{"extension":[{"url":"http://hl7.org/fhir/StructureDefinition/elementdefinition-bindingName","valueString":"AddressType"}],"strength":"required","description":"The type of an address (physical / postal).","valueSet":"http://hl7.org/fhir/ValueSet/address-type"},"mapping":[{"identity":"rim","map":"n/a"},{"identity":"v2","map":"XAD.18"},{"identity":"rim","map":"unique(./use)"},{"identity":"vcard","map":"address type parameter"}]},{"id":"Address.text","extension":[{"url":"http://hl7.org/fhir/StructureDefinition/structuredefinition-standards-status","valueCode":"normative"},{"url":"http://hl7.org/fhir/StructureDefinition/structuredefinition-normative-version","valueCode":"4.0.0"}],"path":"Address.text","short":"Text representation of the address","definition":"Specifies the entire address as it should be displayed e.g. on a postal label. This may be provided instead of or as well as the specific parts.","comment":"Can provide both a text representation and parts. Applications updating an address SHALL ensure that  when both text and parts are present,  no content is included in the text that isn't found in a part.","requirements":"A renderable, unencoded form.","min":0,"max":"1","base":{"path":"Address.text","min":0,"max":"1"},"type":[{"code":"string"}],"example":[{"label":"General","valueString":"137 Nowhere Street, Erewhon 9132"}],"condition":["ele-1"],"constraint":[{"key":"ele-1","severity":"error","human":"All FHIR elements must have a @value or children","expression":"hasValue() or (children().count() > id.count())","source":"http://hl7.org/fhir/StructureDefinition/Element"}],"isSummary":true,"mapping":[{"identity":"rim","map":"n/a"},{"identity":"v2","map":"XAD.1 + XAD.2 + XAD.3 + XAD.4 + XAD.5 + XAD.6"},{"identity":"rim","map":"./formatted"},{"identity":"vcard","map":"address label parameter"}]},{"id":"Address.line","extension":[{"url":"http://hl7.org/fhir/StructureDefinition/structuredefinition-standards-status","valueCode":"normative"},{"url":"http://hl7.org/fhir/StructureDefinition/structuredefinition-normative-version","valueCode":"4.0.0"}],"path":"Address.line","short":"Street name, number, direction & P.O. Box etc.","definition":"This component contains the house number, apartment number, street name, street direction,  P.O. Box number, delivery hints, and similar address information.","comment":"Note that FHIR strings SHALL NOT exceed 1MB in size","min":0,"max":"*","base":{"path":"Address.line","min":0,"max":"*"},"type":[{"code":"string"}],"orderMeaning":"The order in which lines should appear in an address label","example":[{"label":"General","valueString":"137 Nowhere Street"}],"condition":["ele-1"],"constraint":[{"key":"ele-1","severity":"error","human":"All FHIR elements must have a @value or children","expression":"hasValue() or (children().count() > id.count())","source":"http://hl7.org/fhir/StructureDefinition/Element"}],"isSummary":true,"mapping":[{"identity":"rim","map":"n/a"},{"identity":"v2","map":"XAD.1 + XAD.2 (note: XAD.1 and XAD.2 have different meanings for a company address than for a person address)"},{"identity":"rim","map":"AD.part[parttype = AL]"},{"identity":"vcard","map":"street"},{"identity":"servd","map":"./StreetAddress (newline delimitted)"}]},{"id":"Address.line.id","path":"Address.line.id","representation":["xmlAttr"],"short":"xml:id (or equivalent in JSON)","definition":"unique id for the element within a resource (for internal references)","min":0,"max":"1","base":{"path":"Element.id","min":0,"max":"1"},"type":[{"extension":[{"url":"http://hl7.org/fhir/StructureDefinition/structuredefinition-fhir-type","valueUrl":"string"}],"code":"http://hl7.org/fhirpath/System.String"}],"isModifier":false,"isSummary":false},{"id":"Address.line.extension","path":"Address.line.extension","slicing":{"discriminator":[{"type":"value","path":"url"}],"rules":"open"},"short":"Extension","definition":"An Extension","min":0,"max":"*","base":{"path":"Element.extension","min":0,"max":"*"},"type":[{"code":"Extension"}],"constraint":[{"key":"ele-1","severity":"error","human":"All FHIR elements must have a @value or children","expression":"hasValue() or (children().count() > id.count())","source":"http://hl7.org/fhir/StructureDefinition/Element"},{"key":"ext-1","severity":"error","human":"Must have either extensions or value[x], not both","expression":"extension.exists() != value.exists()","source":"http://hl7.org/fhir/StructureDefinition/Extension"}],"isModifier":false,"isSummary":false},{"id":"Address.line.extension:careOf","path":"Address.line.extension","sliceName":"careOf","short":"careOf","definition":"The name of the party who will take receipt at the specified address, and will take on responsibility for ensuring delivery to the target recipient.","min":0,"max":"*","base":{"path":"Element.extension","min":0,"max":"*"},"type":[{"code":"Extension","profile":["http://hl7.org/fhir/StructureDefinition/iso21090-ADXP-careOf"]}],"condition":["ele-1"],"constraint":[{"key":"ele-1","severity":"error","human":"All FHIR elements must have a @value or children","expression":"hasValue() or (children().count() > id.count())","source":"http://hl7.org/fhir/StructureDefinition/Element"},{"key":"ext-1","severity":"error","human":"Must have either extensions or value[x], not both","expression":"extension.exists() != value.exists()","source":"http://hl7.org/fhir/StructureDefinition/Extension"}],"isModifier":false,"mapping":[{"identity":"rim","map":"ADXP[partType=CAR]"}]},{"id":"Address.line.extension:additionalLocator","path":"Address.line.extension","sliceName":"additionalLocator","short":"additionalLocator","definition":"This can be a unit designator, such as apartment number, suite number, or floor. There may be several unit designators in an address (e.g., \"3rd floor, Appt. 342\"). This can also be a designator pointing away from the location, rather than specifying a smaller location within some larger one (e.g., Dutch \"t.o.\" means \"opposite to\" for house boats located across the street facing houses).","min":0,"max":"*","base":{"path":"Element.extension","min":0,"max":"*"},"type":[{"code":"Extension","profile":["http://hl7.org/fhir/StructureDefinition/iso21090-ADXP-additionalLocator"]}],"condition":["ele-1"],"constraint":[{"key":"ele-1","severity":"error","human":"All FHIR elements must have a @value or children","expression":"hasValue() or (children().count() > id.count())","source":"http://hl7.org/fhir/StructureDefinition/Element"},{"key":"ext-1","severity":"error","human":"Must have either extensions or value[x], not both","expression":"extension.exists() != value.exists()","source":"http://hl7.org/fhir/StructureDefinition/Extension"}],"isModifier":false,"mapping":[{"identity":"rim","map":"ADXP[partType=ADL]"}]},{"id":"Address.line.extension:houseNumber","path":"Address.line.extension","sliceName":"houseNumber","short":"houseNumber","definition":"The number of a building, house or lot alongside the street. Also known as \"primary street number\". This does not number the street but rather the building.","min":0,"max":"*","base":{"path":"Element.extension","min":0,"max":"*"},"type":[{"code":"Extension","profile":["http://hl7.org/fhir/StructureDefinition/iso21090-ADXP-houseNumber"]}],"condition":["ele-1"],"constraint":[{"key":"ele-1","severity":"error","human":"All FHIR elements must have a @value or children","expression":"hasValue() or (children().count() > id.count())","source":"http://hl7.org/fhir/StructureDefinition/Element"},{"key":"ext-1","severity":"error","human":"Must have either extensions or value[x], not both","expression":"extension.exists() != value.exists()","source":"http://hl7.org/fhir/StructureDefinition/Extension"}],"isModifier":false,"mapping":[{"identity":"rim","map":"ADXP[partType=BNR]"}]},{"id":"Address.line.extension:buildingNumberSuffix","path":"Address.line.extension","sliceName":"buildingNumberSuffix","short":"buildingNumberSuffix","definition":"Any alphabetic character, fraction or other text that may appear after the numeric portion of a building number.","min":0,"max":"*","base":{"path":"Element.extension","min":0,"max":"*"},"type":[{"code":"Extension","profile":["http://hl7.org/fhir/StructureDefinition/iso21090-ADXP-buildingNumberSuffix"]}],"condition":["ele-1"],"constraint":[{"key":"ele-1","severity":"error","human":"All FHIR elements must have a @value or children","expression":"hasValue() or (children().count() > id.count())","source":"http://hl7.org/fhir/StructureDefinition/Element"},{"key":"ext-1","severity":"error","human":"Must have either extensions or value[x], not both","expression":"extension.exists() != value.exists()","source":"http://hl7.org/fhir/StructureDefinition/Extension"}],"isModifier":false,"mapping":[{"identity":"rim","map":"ADXP[partType=BNS]"}]},{"id":"Address.line.extension:streetNameType","path":"Address.line.extension","sliceName":"streetNameType","short":"streetNameType","definition":"The designation given to the street. (e.g. Street, Avenue, Crescent, etc.).","min":0,"max":"*","base":{"path":"Element.extension","min":0,"max":"*"},"type":[{"code":"Extension","profile":["http://hl7.org/fhir/StructureDefinition/iso21090-ADXP-streetNameType"]}],"condition":["ele-1"],"constraint":[{"key":"ele-1","severity":"error","human":"All FHIR elements must have a @value or children","expression":"hasValue() or (children().count() > id.count())","source":"http://hl7.org/fhir/StructureDefinition/Element"},{"key":"ext-1","severity":"error","human":"Must have either extensions or value[x], not both","expression":"extension.exists() != value.exists()","source":"http://hl7.org/fhir/StructureDefinition/Extension"}],"isModifier":false,"mapping":[{"identity":"rim","map":"ADXP[partType=STTYP]"}]},{"id":"Address.line.extension:streetNamebase","path":"Address.line.extension","sliceName":"streetNamebase","short":"streetNameBase","definition":"The base name of a roadway or artery recognized by a municipality (excluding street type and direction).","min":0,"max":"*","base":{"path":"Element.extension","min":0,"max":"*"},"type":[{"code":"Extension","profile":["http://hl7.org/fhir/StructureDefinition/iso21090-ADXP-streetNameBase"]}],"condition":["ele-1"],"constraint":[{"key":"ele-1","severity":"error","human":"All FHIR elements must have a @value or children","expression":"hasValue() or (children().count() > id.count())","source":"http://hl7.org/fhir/StructureDefinition/Element"},{"key":"ext-1","severity":"error","human":"Must have either extensions or value[x], not both","expression":"extension.exists() != value.exists()","source":"http://hl7.org/fhir/StructureDefinition/Extension"}],"isModifier":false,"mapping":[{"identity":"rim","map":"ADXP[partType=STB]"}]},{"id":"Address.line.extension:postBox","path":"Address.line.extension","sliceName":"postBox","short":"postBox","definition":"A numbered box located in a post station.","min":0,"max":"*","base":{"path":"Element.extension","min":0,"max":"*"},"type":[{"code":"Extension","profile":["http://hl7.org/fhir/StructureDefinition/iso21090-ADXP-postBox"]}],"condition":["ele-1"],"constraint":[{"key":"ele-1","severity":"error","human":"All FHIR elements must have a @value or children","expression":"hasValue() or (children().count() > id.count())","source":"http://hl7.org/fhir/StructureDefinition/Element"},{"key":"ext-1","severity":"error","human":"Must have either extensions or value[x], not both","expression":"extension.exists() != value.exists()","source":"http://hl7.org/fhir/StructureDefinition/Extension"}],"isModifier":false,"mapping":[{"identity":"rim","map":"ADXP[partType=POB]"}]},{"id":"Address.line.value","path":"Address.line.value","representation":["xmlAttr"],"short":"Primitive value for string","definition":"The actual value","min":0,"max":"1","base":{"path":"string.value","min":0,"max":"1"},"type":[{"extension":[{"url":"http://hl7.org/fhir/StructureDefinition/structuredefinition-fhir-type","valueUrl":"string"},{"url":"http://hl7.org/fhir/StructureDefinition/regex","valueString":"[ \\r\\n\\t\\S]+"}],"code":"http://hl7.org/fhirpath/System.String"}],"maxLength":1048576,"isModifier":false,"isSummary":false},{"id":"Address.city","extension":[{"url":"http://hl7.org/fhir/StructureDefinition/structuredefinition-standards-status","valueCode":"normative"},{"url":"http://hl7.org/fhir/StructureDefinition/structuredefinition-normative-version","valueCode":"4.0.0"}],"path":"Address.city","short":"Name of city, town etc.","definition":"The name of the city, town, suburb, village or other community or delivery center.","comment":"Note that FHIR strings SHALL NOT exceed 1MB in size","alias":["Municpality"],"min":0,"max":"1","base":{"path":"Address.city","min":0,"max":"1"},"type":[{"code":"string"}],"example":[{"label":"General","valueString":"Erewhon"}],"condition":["ele-1"],"constraint":[{"key":"ele-1","severity":"error","human":"All FHIR elements must have a @value or children","expression":"hasValue() or (children().count() > id.count())","source":"http://hl7.org/fhir/StructureDefinition/Element"}],"isSummary":true,"mapping":[{"identity":"rim","map":"n/a"},{"identity":"v2","map":"XAD.3"},{"identity":"rim","map":"AD.part[parttype = CTY]"},{"identity":"vcard","map":"locality"},{"identity":"servd","map":"./Jurisdiction"}]},{"id":"Address.district","extension":[{"url":"http://hl7.org/fhir/StructureDefinition/structuredefinition-standards-status","valueCode":"normative"},{"url":"http://hl7.org/fhir/StructureDefinition/structuredefinition-normative-version","valueCode":"4.0.0"}],"path":"Address.district","short":"District name (aka county)","definition":"The name of the administrative area (county).","comment":"District is sometimes known as county, but in some regions 'county' is used in place of city (municipality), so county name should be conveyed in city instead.","alias":["County"],"min":0,"max":"1","base":{"path":"Address.district","min":0,"max":"1"},"type":[{"code":"string"}],"example":[{"label":"General","valueString":"Madison"}],"condition":["ele-1"],"constraint":[{"key":"ele-1","severity":"error","human":"All FHIR elements must have a @value or children","expression":"hasValue() or (children().count() > id.count())","source":"http://hl7.org/fhir/StructureDefinition/Element"}],"isSummary":true,"mapping":[{"identity":"rim","map":"n/a"},{"identity":"v2","map":"XAD.9"},{"identity":"rim","map":"AD.part[parttype = CNT | CPA]"}]},{"id":"Address.state","extension":[{"url":"http://hl7.org/fhir/StructureDefinition/structuredefinition-standards-status","valueCode":"normative"},{"url":"http://hl7.org/fhir/StructureDefinition/structuredefinition-normative-version","valueCode":"4.0.0"}],"path":"Address.state","short":"Sub-unit of country (abbreviations ok)","definition":"Sub-unit of a country with limited sovereignty in a federally organized country. A code may be used if codes are in common use (e.g. US 2 letter state codes).","comment":"Note that FHIR strings SHALL NOT exceed 1MB in size","alias":["Province","Territory"],"min":0,"max":"1","base":{"path":"Address.state","min":0,"max":"1"},"type":[{"code":"string"}],"condition":["ele-1"],"constraint":[{"key":"ele-1","severity":"error","human":"All FHIR elements must have a @value or children","expression":"hasValue() or (children().count() > id.count())","source":"http://hl7.org/fhir/StructureDefinition/Element"}],"isSummary":true,"mapping":[{"identity":"rim","map":"n/a"},{"identity":"v2","map":"XAD.4"},{"identity":"rim","map":"AD.part[parttype = STA]"},{"identity":"vcard","map":"region"},{"identity":"servd","map":"./Region"}]},{"id":"Address.postalCode","extension":[{"url":"http://hl7.org/fhir/StructureDefinition/structuredefinition-standards-status","valueCode":"normative"},{"url":"http://hl7.org/fhir/StructureDefinition/structuredefinition-normative-version","valueCode":"4.0.0"}],"path":"Address.postalCode","short":"Postal code for area","definition":"A postal code designating a region defined by the postal service.","comment":"Note that FHIR strings SHALL NOT exceed 1MB in size","alias":["Zip"],"min":0,"max":"1","base":{"path":"Address.postalCode","min":0,"max":"1"},"type":[{"code":"string"}],"example":[{"label":"General","valueString":"9132"}],"condition":["ele-1"],"constraint":[{"key":"ele-1","severity":"error","human":"All FHIR elements must have a @value or children","expression":"hasValue() or (children().count() > id.count())","source":"http://hl7.org/fhir/StructureDefinition/Element"}],"isSummary":true,"mapping":[{"identity":"rim","map":"n/a"},{"identity":"v2","map":"XAD.5"},{"identity":"rim","map":"AD.part[parttype = ZIP]"},{"identity":"vcard","map":"code"},{"identity":"servd","map":"./PostalIdentificationCode"}]},{"id":"Address.country","extension":[{"url":"http://hl7.org/fhir/StructureDefinition/structuredefinition-standards-status","valueCode":"normative"},{"url":"http://hl7.org/fhir/StructureDefinition/structuredefinition-normative-version","valueCode":"4.0.0"}],"path":"Address.country","short":"Country (will be ISO 3166 3 letter code; code=FRA for France)","definition":"Country - a nation as commonly understood or generally accepted.","comment":"ISO 3166 3 letter codes can be used in place of a full country name. FRA for France.","min":0,"max":"1","base":{"path":"Address.country","min":0,"max":"1"},"type":[{"code":"string"}],"condition":["ele-1"],"constraint":[{"key":"ele-1","severity":"error","human":"All FHIR elements must have a @value or children","expression":"hasValue() or (children().count() > id.count())","source":"http://hl7.org/fhir/StructureDefinition/Element"}],"isSummary":true,"mapping":[{"identity":"rim","map":"n/a"},{"identity":"v2","map":"XAD.6"},{"identity":"rim","map":"AD.part[parttype = CNT]"},{"identity":"vcard","map":"country"},{"identity":"servd","map":"./Country"}]},{"id":"Address.period","extension":[{"url":"http://hl7.org/fhir/StructureDefinition/structuredefinition-standards-status","valueCode":"normative"},{"url":"http://hl7.org/fhir/StructureDefinition/structuredefinition-normative-version","valueCode":"4.0.0"}],"path":"Address.period","short":"Time period when address was/is in use","definition":"Time period when address was/is in use.","comment":"A Period specifies a range of time; the context of use will specify whether the entire range applies (e.g. \"the patient was an inpatient of the hospital for this time range\") or one value from the range applies (e.g. \"give to the patient between these two times\").\n\nPeriod is not used for a duration (a measure of elapsed time). See [Duration](datatypes.html#Duration).","requirements":"Allows addresses to be placed in historical context.","min":0,"max":"1","base":{"path":"Address.period","min":0,"max":"1"},"type":[{"code":"Period"}],"example":[{"label":"General","valuePeriod":{"start":"2010-03-23","end":"2010-07-01"}}],"condition":["ele-1"],"constraint":[{"key":"ele-1","severity":"error","human":"All FHIR elements must have a @value or children","expression":"hasValue() or (children().count() > id.count())","source":"http://hl7.org/fhir/StructureDefinition/Element"},{"key":"per-1","severity":"error","human":"If present, start SHALL have a lower value than end","expression":"start.hasValue().not() or end.hasValue().not() or (start <= end)","source":"http://hl7.org/fhir/StructureDefinition/Address"}],"isSummary":true,"mapping":[{"identity":"rim","map":"n/a"},{"identity":"v2","map":"DR"},{"identity":"rim","map":"IVL<TS>[lowClosed=\"true\" and highClosed=\"true\"] or URG<TS>[lowClosed=\"true\" and highClosed=\"true\"]"},{"identity":"v2","map":"XAD.12 / XAD.13 + XAD.14"},{"identity":"rim","map":"./usablePeriod[type=\"IVL<TS>\"]"},{"identity":"servd","map":"./StartDate and ./EndDate"}]}]},"differential":{"element":[{"id":"Address","path":"Address"},{"id":"Address.extension:frenchDepartment","path":"Address.extension","sliceName":"frenchDepartment","min":0,"max":"1","type":[{"code":"Extension","profile":["http://interop.esante.gouv.fr/ig/fhir/as03/StructureDefinition/French-Department"]}]},{"id":"Address.extension:countryCode","path":"Address.extension","sliceName":"countryCode","min":0,"max":"1","type":[{"code":"Extension","profile":["http://interop.esante.gouv.fr/ig/fhir/as03/StructureDefinition/Address-Country-Code"]}]},{"id":"Address.line.extension","path":"Address.line.extension","slicing":{"discriminator":[{"type":"value","path":"url"}],"rules":"open"}},{"id":"Address.line.extension:careOf","path":"Address.line.extension","sliceName":"careOf","min":0,"max":"*","type":[{"code":"Extension","profile":["http://hl7.org/fhir/StructureDefinition/iso21090-ADXP-careOf"]}]},{"id":"Address.line.extension:additionalLocator","path":"Address.line.extension","sliceName":"additionalLocator","min":0,"max":"*","type":[{"code":"Extension","profile":["http://hl7.org/fhir/StructureDefinition/iso21090-ADXP-additionalLocator"]}]},{"id":"Address.line.extension:houseNumber","path":"Address.line.extension","sliceName":"houseNumber","min":0,"max":"*","type":[{"code":"Extension","profile":["http://hl7.org/fhir/StructureDefinition/iso21090-ADXP-houseNumber"]}]},{"id":"Address.line.extension:buildingNumberSuffix","path":"Address.line.extension","sliceName":"buildingNumberSuffix","min":0,"max":"*","type":[{"code":"Extension","profile":["http://hl7.org/fhir/StructureDefinition/iso21090-ADXP-buildingNumberSuffix"]}]},{"id":"Address.line.extension:streetNameType","path":"Address.line.extension","sliceName":"streetNameType","min":0,"max":"*","type":[{"code":"Extension","profile":["http://hl7.org/fhir/StructureDefinition/iso21090-ADXP-streetNameType"]}]},{"id":"Address.line.extension:streetNamebase","path":"Address.line.extension","sliceName":"streetNamebase","min":0,"max":"*","type":[{"code":"Extension","profile":["http://hl7.org/fhir/StructureDefinition/iso21090-ADXP-streetNameBase"]}]},{"id":"Address.line.extension:postBox","path":"Address.line.extension","sliceName":"postBox","min":0,"max":"*","type":[{"code":"Extension","profile":["http://hl7.org/fhir/StructureDefinition/iso21090-ADXP-postBox"]}]}]}}