[
  {
    "id" : "ans.fhir.fr.as03",
    "type" : "ImplementationGuide",
    "url" : "http://interop.esante.gouv.fr/ig/fhir/as03/ImplementationGuide/ans.fhir.fr.as03",
    "version" : "0.1.0",
    "name" : "ASDP03"
  },
  {
    "id" : "AS-Device",
    "type" : "StructureDefinition",
    "url" : "http://interop.esante.gouv.fr/ig/fhir/as03/StructureDefinition/AS-Device",
    "version" : "0.1.0",
    "name" : "ASDevice"
  },
  {
    "id" : "AS-HealthcareService-HealthCareActivity",
    "type" : "StructureDefinition",
    "url" : "http://interop.esante.gouv.fr/ig/fhir/as03/StructureDefinition/AS-HealthcareService-HealthCareActivity",
    "version" : "0.1.0",
    "name" : "ASHealthcareServiceHealthCareActivity"
  },
  {
    "id" : "AS-HealthcareService-SocialEquipment",
    "type" : "StructureDefinition",
    "url" : "http://interop.esante.gouv.fr/ig/fhir/as03/StructureDefinition/AS-HealthcareService-SocialEquipment",
    "version" : "0.1.0",
    "name" : "ASHealthcareServiceSocialEquipment"
  },
  {
    "id" : "AS-Location",
    "type" : "StructureDefinition",
    "url" : "http://interop.esante.gouv.fr/ig/fhir/as03/StructureDefinition/AS-Location",
    "version" : "0.1.0",
    "name" : "ASLocation"
  },
  {
    "id" : "AS-Organization",
    "type" : "StructureDefinition",
    "url" : "http://interop.esante.gouv.fr/ig/fhir/as03/StructureDefinition/AS-Organization",
    "version" : "0.1.0",
    "name" : "ASOrganization"
  },
  {
    "id" : "AS-Practitioner",
    "type" : "StructureDefinition",
    "url" : "http://interop.esante.gouv.fr/ig/fhir/as03/StructureDefinition/AS-Practitioner",
    "version" : "0.1.0",
    "name" : "ASPractitioner"
  },
  {
    "id" : "AS-PractitionerRole",
    "type" : "StructureDefinition",
    "url" : "http://interop.esante.gouv.fr/ig/fhir/as03/StructureDefinition/AS-PractitionerRole",
    "version" : "0.1.0",
    "name" : "ASPractitionerRole"
  },
  {
    "id" : "AS-PractitionerRole-Ameli",
    "type" : "StructureDefinition",
    "url" : "http://interop.esante.gouv.fr/ig/fhir/as03/StructureDefinition/AS-PractitionerRole-Ameli",
    "version" : "0.1.0",
    "name" : "ASPractitionerRoleAmeli"
  },
  {
    "id" : "Address-Country-Code",
    "type" : "StructureDefinition",
    "url" : "http://interop.esante.gouv.fr/ig/fhir/as03/StructureDefinition/Address-Country-Code",
    "version" : "0.1.0",
    "name" : "AdressCountryCode"
  },
  {
    "id" : "CodeableConcept-Period",
    "type" : "StructureDefinition",
    "url" : "http://interop.esante.gouv.fr/ig/fhir/as03/StructureDefinition/CodeableConcept-Period",
    "version" : "0.1.0",
    "name" : "CodeableConceptPeriod"
  },
  {
    "id" : "CodeableConcept-Timed",
    "type" : "StructureDefinition",
    "url" : "http://interop.esante.gouv.fr/ig/fhir/as03/StructureDefinition/CodeableConcept-Timed",
    "version" : "0.1.0",
    "name" : "CodeableConceptTimed"
  },
  {
    "id" : "Device-AuthorizationDateDevice",
    "type" : "StructureDefinition",
    "url" : "http://interop.esante.gouv.fr/ig/fhir/as03/StructureDefinition/Device-AuthorizationDateDevice",
    "version" : "0.1.0",
    "name" : "DeviceAuthorizationDateDevice"
  },
  {
    "id" : "Device-NumberAuthorizationARHGOS",
    "type" : "StructureDefinition",
    "url" : "http://interop.esante.gouv.fr/ig/fhir/as03/StructureDefinition/Device-NumberAuthorizationARHGOS",
    "version" : "0.1.0",
    "name" : "DeviceNumberaAuthorizationARHGOS"
  },
  {
    "id" : "Device-PeriodImplantation",
    "type" : "StructureDefinition",
    "url" : "http://interop.esante.gouv.fr/ig/fhir/as03/StructureDefinition/Device-PeriodImplantation",
    "version" : "0.1.0",
    "name" : "DevicePeriodImplantation"
  },
  {
    "id" : "DigitalCertificate",
    "type" : "StructureDefinition",
    "url" : "http://interop.esante.gouv.fr/ig/fhir/as03/StructureDefinition/DigitalCertificate",
    "version" : "0.1.0",
    "name" : "DigitalCertificate"
  },
  {
    "id" : "Fr-Address-Extended",
    "type" : "StructureDefinition",
    "url" : "http://interop.esante.gouv.fr/ig/fhir/as03/StructureDefinition/Fr-Address-Extended",
    "version" : "0.1.0",
    "name" : "FrAddressExtended"
  },
  {
    "id" : "French-Department",
    "type" : "StructureDefinition",
    "url" : "http://interop.esante.gouv.fr/ig/fhir/as03/StructureDefinition/French-Department",
    "version" : "0.1.0",
    "name" : "FrenchDepartment"
  },
  {
    "id" : "HealthcareService-ActivityType",
    "type" : "StructureDefinition",
    "url" : "http://interop.esante.gouv.fr/ig/fhir/as03/StructureDefinition/HealthcareService-ActivityType",
    "version" : "0.1.0",
    "name" : "HealthcareServiceActivityType"
  },
  {
    "id" : "HealthcareService-AuthorizationDate",
    "type" : "StructureDefinition",
    "url" : "http://interop.esante.gouv.fr/ig/fhir/as03/StructureDefinition/HealthcareService-AuthorizationDate",
    "version" : "0.1.0",
    "name" : "HealthcareServiceAuthorizationDate"
  },
  {
    "id" : "HealthcareService-AuthorizationNumberARHGOS",
    "type" : "StructureDefinition",
    "url" : "http://interop.esante.gouv.fr/ig/fhir/as03/StructureDefinition/HealthcareService-AuthorizationNumberARHGOS",
    "version" : "0.1.0",
    "name" : "HealthcareServiceAuthorizationNumberARHGOS"
  },
  {
    "id" : "HealthcareService-DateUpdateActivity",
    "type" : "StructureDefinition",
    "url" : "http://interop.esante.gouv.fr/ig/fhir/as03/StructureDefinition/HealthcareService-DateUpdateActivity",
    "version" : "0.1.0",
    "name" : "HealthcareServiceDateUpdateActivity"
  },
  {
    "id" : "HealthcareService-DeleteAutorizationImplantation",
    "type" : "StructureDefinition",
    "url" : "http://interop.esante.gouv.fr/ig/fhir/as03/StructureDefinition/HealthcareService-DeleteAutorizationImplantation",
    "version" : "0.1.0",
    "name" : "HealthcareServiceDeleteAutorizationImplantation"
  },
  {
    "id" : "HealthcareService-ImplementationPeriod",
    "type" : "StructureDefinition",
    "url" : "http://interop.esante.gouv.fr/ig/fhir/as03/StructureDefinition/HealthcareService-ImplementationPeriod",
    "version" : "0.1.0",
    "name" : "HealthcareServiceImplementationPeriod"
  },
  {
    "id" : "HealthcareService-InstallationDate",
    "type" : "StructureDefinition",
    "url" : "http://interop.esante.gouv.fr/ig/fhir/as03/StructureDefinition/HealthcareService-InstallationDate",
    "version" : "0.1.0",
    "name" : "HealthcareServiceInstallationDate"
  },
  {
    "id" : "MailboxMSS",
    "type" : "StructureDefinition",
    "url" : "http://interop.esante.gouv.fr/ig/fhir/as03/StructureDefinition/MailboxMSS",
    "version" : "0.1.0",
    "name" : "MailboxMSS"
  },
  {
    "id" : "Organization-PharmacyLicence",
    "type" : "StructureDefinition",
    "url" : "http://interop.esante.gouv.fr/ig/fhir/as03/StructureDefinition/Organization-PharmacyLicence",
    "version" : "0.1.0",
    "name" : "OrganizationPharmacyLicence"
  },
  {
    "id" : "Practitioner-Authorization",
    "type" : "StructureDefinition",
    "url" : "http://interop.esante.gouv.fr/ig/fhir/as03/StructureDefinition/Practitioner-Authorization",
    "version" : "0.1.0",
    "name" : "PractitionerAuthorization"
  },
  {
    "id" : "Practitioner-BirthPlace",
    "type" : "StructureDefinition",
    "url" : "http://interop.esante.gouv.fr/ig/fhir/as03/StructureDefinition/Practitioner-BirthPlace",
    "version" : "0.1.0",
    "name" : "PractitionerBirthPlace"
  },
  {
    "id" : "Practitioner-DeceasedDateTime",
    "type" : "StructureDefinition",
    "url" : "http://interop.esante.gouv.fr/ig/fhir/as03/StructureDefinition/Practitioner-DeceasedDateTime",
    "version" : "0.1.0",
    "name" : "PractitionerDeceasedDateTime"
  },
  {
    "id" : "Practitioner-Nationality",
    "type" : "StructureDefinition",
    "url" : "http://interop.esante.gouv.fr/ig/fhir/as03/StructureDefinition/Practitioner-Nationality",
    "version" : "0.1.0",
    "name" : "PractitionerNationality"
  },
  {
    "id" : "PractitionerRole-ActivityType",
    "type" : "StructureDefinition",
    "url" : "http://interop.esante.gouv.fr/ig/fhir/as03/StructureDefinition/PractitionerRole-ActivityType",
    "version" : "0.1.0",
    "name" : "PractitionerRoleActivityType"
  },
  {
    "id" : "PractitionerRole-AppointmentRequired",
    "type" : "StructureDefinition",
    "url" : "http://interop.esante.gouv.fr/ig/fhir/as03/StructureDefinition/PractitionerRole-AppointmentRequired",
    "version" : "0.1.0",
    "name" : "PractitionerRoleAppointmentRequired"
  },
  {
    "id" : "PractitionerRole-Contracted",
    "type" : "StructureDefinition",
    "url" : "http://interop.esante.gouv.fr/ig/fhir/as03/StructureDefinition/PractitionerRole-Contracted",
    "version" : "0.1.0",
    "name" : "PractitionerRoleContracted"
  },
  {
    "id" : "PractitionerRole-EducationLevel",
    "type" : "StructureDefinition",
    "url" : "http://interop.esante.gouv.fr/ig/fhir/as03/StructureDefinition/PractitionerRole-EducationLevel",
    "version" : "0.1.0",
    "name" : "PractitionerRoleEducationLevel"
  },
  {
    "id" : "PractitionerRole-EndCause",
    "type" : "StructureDefinition",
    "url" : "http://interop.esante.gouv.fr/ig/fhir/as03/StructureDefinition/PractitionerRole-EndCause",
    "version" : "0.1.0",
    "name" : "PractitionerRoleEndCause"
  },
  {
    "id" : "PractitionerRole-HasCAS",
    "type" : "StructureDefinition",
    "url" : "http://interop.esante.gouv.fr/ig/fhir/as03/StructureDefinition/PractitionerRole-HasCAS",
    "version" : "0.1.0",
    "name" : "PractitionerRoleHasCAS"
  },
  {
    "id" : "PractitionerRole-HomeCare",
    "type" : "StructureDefinition",
    "url" : "http://interop.esante.gouv.fr/ig/fhir/as03/StructureDefinition/PractitionerRole-HomeCare",
    "version" : "0.1.0",
    "name" : "PractitionerRoleHomeCare"
  },
  {
    "id" : "PractitionerRole-Name",
    "type" : "StructureDefinition",
    "url" : "http://interop.esante.gouv.fr/ig/fhir/as03/StructureDefinition/PractitionerRole-Name",
    "version" : "0.1.0",
    "name" : "PractitionerRoleName"
  },
  {
    "id" : "PractitionerRole-PartOf",
    "type" : "StructureDefinition",
    "url" : "http://interop.esante.gouv.fr/ig/fhir/as03/StructureDefinition/PractitionerRole-PartOf",
    "version" : "0.1.0",
    "name" : "PractitionerRolePartOf"
  },
  {
    "id" : "PractitionerRole-Registration",
    "type" : "StructureDefinition",
    "url" : "http://interop.esante.gouv.fr/ig/fhir/as03/StructureDefinition/PractitionerRole-Registration",
    "version" : "0.1.0",
    "name" : "PractitionerRoleRegistration"
  },
  {
    "id" : "PractitionerRole-SmartCard",
    "type" : "StructureDefinition",
    "url" : "http://interop.esante.gouv.fr/ig/fhir/as03/StructureDefinition/PractitionerRole-SmartCard",
    "version" : "0.1.0",
    "name" : "PractitionerRoleSmartCard"
  },
  {
    "id" : "PractitionerRole-VitaleAccepted",
    "type" : "StructureDefinition",
    "url" : "http://interop.esante.gouv.fr/ig/fhir/as03/StructureDefinition/PractitionerRole-VitaleAccepted",
    "version" : "0.1.0",
    "name" : "PractitionerRoleVitaleAccepted"
  },
  {
    "id" : "practitionerRole-PracticeRegion",
    "type" : "StructureDefinition",
    "url" : "http://interop.esante.gouv.fr/ig/fhir/as03/StructureDefinition/practitionerRole-PracticeRegion",
    "version" : "0.1.0",
    "name" : "PractitionerRolePracticeRegion"
  }
]
