<?xml version="1.0" encoding="UTF-8"?>

<StructureDefinition xmlns="http://hl7.org/fhir">
  <id value="Fr-Address-Extended"/>
  <meta>
    <lastUpdated value="2022-07-25T17:40:40.0522362+00:00"/>
  </meta>
  <text>
    <status value="extensions"/><div xmlns="http://www.w3.org/1999/xhtml"><table border="0" cellpadding="0" cellspacing="0" style="border: 0px #F0F0F0 solid; font-size: 11px; font-family: verdana; vertical-align: top;"><tr style="border: 1px #F0F0F0 solid; font-size: 11px; font-family: verdana; vertical-align: top"><th style="vertical-align: top; text-align : left; background-color: white; border: 0px #F0F0F0 solid; padding:0px 4px 0px 4px" class="hierarchy"><a href="https://build.fhir.org/ig/FHIR/ig-guidance/readingIgs.html#table-views" title="The logical name of the element">Name</a></th><th style="vertical-align: top; text-align : left; background-color: white; border: 0px #F0F0F0 solid; padding:0px 4px 0px 4px" class="hierarchy"><a href="https://build.fhir.org/ig/FHIR/ig-guidance/readingIgs.html#table-views" title="Information about the use of the element">Flags</a></th><th style="vertical-align: top; text-align : left; background-color: white; border: 0px #F0F0F0 solid; padding:0px 4px 0px 4px" class="hierarchy"><a href="https://build.fhir.org/ig/FHIR/ig-guidance/readingIgs.html#table-views" title="Minimum and Maximum # of times the the element can appear in the instance">Card.</a></th><th style="width: 100px" class="hierarchy"><a href="https://build.fhir.org/ig/FHIR/ig-guidance/readingIgs.html#table-views" title="Reference to the type of the element">Type</a></th><th style="vertical-align: top; text-align : left; background-color: white; border: 0px #F0F0F0 solid; padding:0px 4px 0px 4px" class="hierarchy"><a href="https://build.fhir.org/ig/FHIR/ig-guidance/readingIgs.html#table-views" title="Additional information about the element">Description &amp; Constraints</a><span style="float: right"><a href="https://build.fhir.org/ig/FHIR/ig-guidance/readingIgs.html#table-views" title="Legend for this format"><img src="http://hl7.org/fhir/R4/help16.png" alt="doco" style="background-color: inherit"/></a></span></th></tr><tr style="border: 0px #F0F0F0 solid; padding:0px; vertical-align: top; background-color: white"><td style="vertical-align: top; text-align : left; background-color: white; border: 0px #F0F0F0 solid; padding:0px 4px 0px 4px; white-space: nowrap; background-image: url(tbl_bck1.png)" class="hierarchy"><img src="tbl_spacer.png" alt="." style="background-color: inherit" class="hierarchy"/><img src="icon_element.gif" alt="." style="background-color: white; background-color: inherit" title="Element" class="hierarchy"/> <a href="StructureDefinition-Fr-Address-Extended-definitions.html#Address">Address</a><a name="Address"> </a></td><td style="vertical-align: top; text-align : left; background-color: white; border: 0px #F0F0F0 solid; padding:0px 4px 0px 4px" class="hierarchy"/><td style="vertical-align: top; text-align : left; background-color: white; border: 0px #F0F0F0 solid; padding:0px 4px 0px 4px" class="hierarchy"><span style="opacity: 0.5">0</span><span style="opacity: 0.5">..</span><span style="opacity: 0.5">*</span></td><td style="vertical-align: top; text-align : left; background-color: white; border: 0px #F0F0F0 solid; padding:0px 4px 0px 4px" class="hierarchy"><a href="https://simplifier.net/resolve?scope=hl7.fhir.fr.core@1.1.0&amp;canonical=http://interopsante.org/fhir/StructureDefinition/FrAddress">FrAddress</a></td><td style="vertical-align: top; text-align : left; background-color: white; border: 0px #F0F0F0 solid; padding:0px 4px 0px 4px" class="hierarchy"><span style="opacity: 0.5">An address expressed using postal conventions (as opposed to GPS or other location definition formats)</span></td></tr>
<tr style="border: 0px #F0F0F0 solid; padding:0px; vertical-align: top; background-color: #F7F7F7"><td style="vertical-align: top; text-align : left; background-color: #F7F7F7; border: 0px #F0F0F0 solid; padding:0px 4px 0px 4px; white-space: nowrap; background-image: url(tbl_bck14.png)" class="hierarchy"><img src="tbl_spacer.png" alt="." style="background-color: inherit" class="hierarchy"/><img src="tbl_vjoin.png" alt="." style="background-color: inherit" class="hierarchy"/><img src="icon_slice_item.png" alt="." style="background-color: #F7F7F7; background-color: inherit" title="Slice Item" class="hierarchy"/> <a href="StructureDefinition-Fr-Address-Extended-definitions.html#Address.extension:frenchDepartment" title="Extension URL = http://interop.esante.gouv.fr/ig/fhir/as03/StructureDefinition/French-Department">frenchDepartment</a><a name="Address.extension"> </a></td><td style="vertical-align: top; text-align : left; background-color: #F7F7F7; border: 0px #F0F0F0 solid; padding:0px 4px 0px 4px" class="hierarchy"/><td style="vertical-align: top; text-align : left; background-color: #F7F7F7; border: 0px #F0F0F0 solid; padding:0px 4px 0px 4px" class="hierarchy">0..1</td><td style="vertical-align: top; text-align : left; background-color: #F7F7F7; border: 0px #F0F0F0 solid; padding:0px 4px 0px 4px" class="hierarchy"><a href="http://hl7.org/fhir/R4/datatypes.html#CodeableConcept">CodeableConcept</a></td><td style="vertical-align: top; text-align : left; background-color: #F7F7F7; border: 0px #F0F0F0 solid; padding:0px 4px 0px 4px" class="hierarchy"><span style="opacity: 0.5">Extension</span><br/><span style="font-weight:bold">URL: </span><a href="http://hl7.org/fhir/R4/StructureDefinition-French-Department.html">http://interop.esante.gouv.fr/ig/fhir/as03/StructureDefinition/French-Department</a><br/><span style="font-weight:bold">Binding: </span><a href="https://mos.esante.gouv.fr/NOS/JDV_J84-DepartementOM-RASS/FHIR/JDV-J84-DepartementOM-RASS">https://mos.esante.gouv.fr/NOS/JDV_J84-DepartementOM-RASS/FHIR/JDV-J84-DepartementOM-RASS</a> (<a href="http://hl7.org/fhir/R4/terminologies.html#required" title="To be conformant, the concept in this element SHALL be from the specified value set.">required</a>): Départements (outre-mer et Monaco inclus) pour le RASS;https://mos.esante.gouv.fr/NOS/JDV_J84-DepartementOM-RASS/FHIR/JDV-J84-DepartementOM-RASS<br/><br/></td></tr>
<tr style="border: 0px #F0F0F0 solid; padding:0px; vertical-align: top; background-color: white"><td style="vertical-align: top; text-align : left; background-color: white; border: 0px #F0F0F0 solid; padding:0px 4px 0px 4px; white-space: nowrap; background-image: url(tbl_bck14.png)" class="hierarchy"><img src="tbl_spacer.png" alt="." style="background-color: inherit" class="hierarchy"/><img src="tbl_vjoin.png" alt="." style="background-color: inherit" class="hierarchy"/><img src="icon_slice_item.png" alt="." style="background-color: white; background-color: inherit" title="Slice Item" class="hierarchy"/> <a href="StructureDefinition-Fr-Address-Extended-definitions.html#Address.extension:countryCode" title="Extension URL = http://interop.esante.gouv.fr/ig/fhir/as03/StructureDefinition/Address-Country-Code">countryCode</a><a name="Address.extension"> </a></td><td style="vertical-align: top; text-align : left; background-color: white; border: 0px #F0F0F0 solid; padding:0px 4px 0px 4px" class="hierarchy"/><td style="vertical-align: top; text-align : left; background-color: white; border: 0px #F0F0F0 solid; padding:0px 4px 0px 4px" class="hierarchy">0..1</td><td style="vertical-align: top; text-align : left; background-color: white; border: 0px #F0F0F0 solid; padding:0px 4px 0px 4px" class="hierarchy"><a href="http://hl7.org/fhir/R4/datatypes.html#code">code</a></td><td style="vertical-align: top; text-align : left; background-color: white; border: 0px #F0F0F0 solid; padding:0px 4px 0px 4px" class="hierarchy"><span style="opacity: 0.5">Extension</span><br/><span style="font-weight:bold">URL: </span><a href="http://hl7.org/fhir/R4/StructureDefinition-Address-Country-Code.html">http://interop.esante.gouv.fr/ig/fhir/as03/StructureDefinition/Address-Country-Code</a><br/><span style="font-weight:bold">Binding: </span><a href="https://mos.esante.gouv.fr/NOS/JDV_J74-Pays-RASS/FHIR/JDV-J74-Pays-RASS">https://mos.esante.gouv.fr/NOS/JDV_J74-Pays-RASS/FHIR/JDV-J74-Pays-RASS</a> (<a href="http://hl7.org/fhir/R4/terminologies.html#required" title="To be conformant, the concept in this element SHALL be from the specified value set.">required</a>): Pays (codes INSEE) du RASS; http://mos.asipsante.fr/NOS/TABS/JDV_J74-Pays-RASS.tabs<br/><br/></td></tr>
<tr style="border: 0px #F0F0F0 solid; padding:0px; vertical-align: top; background-color: #F7F7F7"><td style="vertical-align: top; text-align : left; background-color: #F7F7F7; border: 0px #F0F0F0 solid; padding:0px 4px 0px 4px; white-space: nowrap; background-image: url(tbl_bck01.png)" class="hierarchy"><img src="tbl_spacer.png" alt="." style="background-color: inherit" class="hierarchy"/><img src="tbl_vjoin_end.png" alt="." style="background-color: inherit" class="hierarchy"/><img src="icon_element.gif" alt="." style="background-color: #F7F7F7; background-color: inherit" title="Element" class="hierarchy"/> <a href="StructureDefinition-Fr-Address-Extended-definitions.html#Address.line">line</a><a name="Address.line"> </a></td><td style="vertical-align: top; text-align : left; background-color: #F7F7F7; border: 0px #F0F0F0 solid; padding:0px 4px 0px 4px" class="hierarchy"/><td style="vertical-align: top; text-align : left; background-color: #F7F7F7; border: 0px #F0F0F0 solid; padding:0px 4px 0px 4px" class="hierarchy"/><td style="vertical-align: top; text-align : left; background-color: #F7F7F7; border: 0px #F0F0F0 solid; padding:0px 4px 0px 4px" class="hierarchy"/><td style="vertical-align: top; text-align : left; background-color: #F7F7F7; border: 0px #F0F0F0 solid; padding:0px 4px 0px 4px" class="hierarchy"/></tr>
<tr style="border: 0px #F0F0F0 solid; padding:0px; vertical-align: top; background-color: white"><td style="vertical-align: top; text-align : left; background-color: white; border: 0px #F0F0F0 solid; padding:0px 4px 0px 4px; white-space: nowrap; background-image: url(tbl_bck012.png)" class="hierarchy"><img src="tbl_spacer.png" alt="." style="background-color: inherit" class="hierarchy"/><img src="tbl_blank.png" alt="." style="background-color: inherit" class="hierarchy"/><img src="tbl_vjoin.png" alt="." style="background-color: inherit" class="hierarchy"/><img src="icon_extension_simple.png" alt="." style="background-color: white; background-color: inherit" title="Simple Extension" class="hierarchy"/> <a href="StructureDefinition-Fr-Address-Extended-definitions.html#Address.line.extension">Slices for extension</a><a name="Address.line.extension"> </a></td><td style="vertical-align: top; text-align : left; background-color: white; border: 0px #F0F0F0 solid; padding:0px 4px 0px 4px" class="hierarchy"/><td style="vertical-align: top; text-align : left; background-color: white; border: 0px #F0F0F0 solid; padding:0px 4px 0px 4px" class="hierarchy"><span style="opacity: 0.5">0</span><span style="opacity: 0.5">..</span><span style="opacity: 0.5">*</span></td><td style="vertical-align: top; text-align : left; background-color: white; border: 0px #F0F0F0 solid; padding:0px 4px 0px 4px" class="hierarchy"><a style="opacity: 0.5" href="http://hl7.org/fhir/R4/extensibility.html#Extension">Extension</a></td><td style="vertical-align: top; text-align : left; background-color: white; border: 0px #F0F0F0 solid; padding:0px 4px 0px 4px" class="hierarchy"><span style="opacity: 0.5">Extension</span><br/><span style="font-weight:bold">Slice: </span>Unordered, Open by value:url</td></tr>
<tr style="border: 0px #F0F0F0 solid; padding:0px; vertical-align: top; background-color: #F7F7F7"><td style="vertical-align: top; text-align : left; background-color: #F7F7F7; border: 0px #F0F0F0 solid; padding:0px 4px 0px 4px; white-space: nowrap; background-image: url(tbl_bck014.png)" class="hierarchy"><img src="tbl_spacer.png" alt="." style="background-color: inherit" class="hierarchy"/><img src="tbl_blank.png" alt="." style="background-color: inherit" class="hierarchy"/><img src="tbl_vjoin.png" alt="." style="background-color: inherit" class="hierarchy"/><img src="icon_slice_item.png" alt="." style="background-color: #F7F7F7; background-color: inherit" title="Slice Item" class="hierarchy"/> <a href="StructureDefinition-Fr-Address-Extended-definitions.html#Address.line.extension:careOf" title="Extension URL = http://hl7.org/fhir/StructureDefinition/iso21090-ADXP-careOf">careOf</a><a name="Address.line.extension"> </a></td><td style="vertical-align: top; text-align : left; background-color: #F7F7F7; border: 0px #F0F0F0 solid; padding:0px 4px 0px 4px" class="hierarchy"/><td style="vertical-align: top; text-align : left; background-color: #F7F7F7; border: 0px #F0F0F0 solid; padding:0px 4px 0px 4px" class="hierarchy">0..*</td><td style="vertical-align: top; text-align : left; background-color: #F7F7F7; border: 0px #F0F0F0 solid; padding:0px 4px 0px 4px" class="hierarchy"><a href="http://hl7.org/fhir/R4/datatypes.html#string">string</a></td><td style="vertical-align: top; text-align : left; background-color: #F7F7F7; border: 0px #F0F0F0 solid; padding:0px 4px 0px 4px" class="hierarchy"><span style="opacity: 0.5">careOf</span><br/><span style="font-weight:bold">URL: </span><a href="http://hl7.org/fhir/R4/extension-iso21090-adxp-careof.html">http://hl7.org/fhir/StructureDefinition/iso21090-ADXP-careOf</a><br/></td></tr>
<tr style="border: 0px #F0F0F0 solid; padding:0px; vertical-align: top; background-color: white"><td style="vertical-align: top; text-align : left; background-color: white; border: 0px #F0F0F0 solid; padding:0px 4px 0px 4px; white-space: nowrap; background-image: url(tbl_bck014.png)" class="hierarchy"><img src="tbl_spacer.png" alt="." style="background-color: inherit" class="hierarchy"/><img src="tbl_blank.png" alt="." style="background-color: inherit" class="hierarchy"/><img src="tbl_vjoin.png" alt="." style="background-color: inherit" class="hierarchy"/><img src="icon_slice_item.png" alt="." style="background-color: white; background-color: inherit" title="Slice Item" class="hierarchy"/> <a href="StructureDefinition-Fr-Address-Extended-definitions.html#Address.line.extension:additionalLocator" title="Extension URL = http://hl7.org/fhir/StructureDefinition/iso21090-ADXP-additionalLocator">additionalLocator</a><a name="Address.line.extension"> </a></td><td style="vertical-align: top; text-align : left; background-color: white; border: 0px #F0F0F0 solid; padding:0px 4px 0px 4px" class="hierarchy"/><td style="vertical-align: top; text-align : left; background-color: white; border: 0px #F0F0F0 solid; padding:0px 4px 0px 4px" class="hierarchy">0..*</td><td style="vertical-align: top; text-align : left; background-color: white; border: 0px #F0F0F0 solid; padding:0px 4px 0px 4px" class="hierarchy"><a href="http://hl7.org/fhir/R4/datatypes.html#string">string</a></td><td style="vertical-align: top; text-align : left; background-color: white; border: 0px #F0F0F0 solid; padding:0px 4px 0px 4px" class="hierarchy"><span style="opacity: 0.5">additionalLocator</span><br/><span style="font-weight:bold">URL: </span><a href="http://hl7.org/fhir/R4/extension-iso21090-adxp-additionallocator.html">http://hl7.org/fhir/StructureDefinition/iso21090-ADXP-additionalLocator</a><br/></td></tr>
<tr style="border: 0px #F0F0F0 solid; padding:0px; vertical-align: top; background-color: #F7F7F7"><td style="vertical-align: top; text-align : left; background-color: #F7F7F7; border: 0px #F0F0F0 solid; padding:0px 4px 0px 4px; white-space: nowrap; background-image: url(tbl_bck014.png)" class="hierarchy"><img src="tbl_spacer.png" alt="." style="background-color: inherit" class="hierarchy"/><img src="tbl_blank.png" alt="." style="background-color: inherit" class="hierarchy"/><img src="tbl_vjoin.png" alt="." style="background-color: inherit" class="hierarchy"/><img src="icon_slice_item.png" alt="." style="background-color: #F7F7F7; background-color: inherit" title="Slice Item" class="hierarchy"/> <a href="StructureDefinition-Fr-Address-Extended-definitions.html#Address.line.extension:houseNumber" title="Extension URL = http://hl7.org/fhir/StructureDefinition/iso21090-ADXP-houseNumber">houseNumber</a><a name="Address.line.extension"> </a></td><td style="vertical-align: top; text-align : left; background-color: #F7F7F7; border: 0px #F0F0F0 solid; padding:0px 4px 0px 4px" class="hierarchy"/><td style="vertical-align: top; text-align : left; background-color: #F7F7F7; border: 0px #F0F0F0 solid; padding:0px 4px 0px 4px" class="hierarchy">0..*</td><td style="vertical-align: top; text-align : left; background-color: #F7F7F7; border: 0px #F0F0F0 solid; padding:0px 4px 0px 4px" class="hierarchy"><a href="http://hl7.org/fhir/R4/datatypes.html#string">string</a></td><td style="vertical-align: top; text-align : left; background-color: #F7F7F7; border: 0px #F0F0F0 solid; padding:0px 4px 0px 4px" class="hierarchy"><span style="opacity: 0.5">houseNumber</span><br/><span style="font-weight:bold">URL: </span><a href="http://hl7.org/fhir/R4/extension-iso21090-adxp-housenumber.html">http://hl7.org/fhir/StructureDefinition/iso21090-ADXP-houseNumber</a><br/></td></tr>
<tr style="border: 0px #F0F0F0 solid; padding:0px; vertical-align: top; background-color: white"><td style="vertical-align: top; text-align : left; background-color: white; border: 0px #F0F0F0 solid; padding:0px 4px 0px 4px; white-space: nowrap; background-image: url(tbl_bck014.png)" class="hierarchy"><img src="tbl_spacer.png" alt="." style="background-color: inherit" class="hierarchy"/><img src="tbl_blank.png" alt="." style="background-color: inherit" class="hierarchy"/><img src="tbl_vjoin.png" alt="." style="background-color: inherit" class="hierarchy"/><img src="icon_slice_item.png" alt="." style="background-color: white; background-color: inherit" title="Slice Item" class="hierarchy"/> <a href="StructureDefinition-Fr-Address-Extended-definitions.html#Address.line.extension:buildingNumberSuffix" title="Extension URL = http://hl7.org/fhir/StructureDefinition/iso21090-ADXP-buildingNumberSuffix">buildingNumberSuffix</a><a name="Address.line.extension"> </a></td><td style="vertical-align: top; text-align : left; background-color: white; border: 0px #F0F0F0 solid; padding:0px 4px 0px 4px" class="hierarchy"/><td style="vertical-align: top; text-align : left; background-color: white; border: 0px #F0F0F0 solid; padding:0px 4px 0px 4px" class="hierarchy">0..*</td><td style="vertical-align: top; text-align : left; background-color: white; border: 0px #F0F0F0 solid; padding:0px 4px 0px 4px" class="hierarchy"><a href="http://hl7.org/fhir/R4/datatypes.html#string">string</a></td><td style="vertical-align: top; text-align : left; background-color: white; border: 0px #F0F0F0 solid; padding:0px 4px 0px 4px" class="hierarchy"><span style="opacity: 0.5">buildingNumberSuffix</span><br/><span style="font-weight:bold">URL: </span><a href="http://hl7.org/fhir/R4/extension-iso21090-adxp-buildingnumbersuffix.html">http://hl7.org/fhir/StructureDefinition/iso21090-ADXP-buildingNumberSuffix</a><br/></td></tr>
<tr style="border: 0px #F0F0F0 solid; padding:0px; vertical-align: top; background-color: #F7F7F7"><td style="vertical-align: top; text-align : left; background-color: #F7F7F7; border: 0px #F0F0F0 solid; padding:0px 4px 0px 4px; white-space: nowrap; background-image: url(tbl_bck014.png)" class="hierarchy"><img src="tbl_spacer.png" alt="." style="background-color: inherit" class="hierarchy"/><img src="tbl_blank.png" alt="." style="background-color: inherit" class="hierarchy"/><img src="tbl_vjoin.png" alt="." style="background-color: inherit" class="hierarchy"/><img src="icon_slice_item.png" alt="." style="background-color: #F7F7F7; background-color: inherit" title="Slice Item" class="hierarchy"/> <a href="StructureDefinition-Fr-Address-Extended-definitions.html#Address.line.extension:streetNameType" title="Extension URL = http://hl7.org/fhir/StructureDefinition/iso21090-ADXP-streetNameType">streetNameType</a><a name="Address.line.extension"> </a></td><td style="vertical-align: top; text-align : left; background-color: #F7F7F7; border: 0px #F0F0F0 solid; padding:0px 4px 0px 4px" class="hierarchy"/><td style="vertical-align: top; text-align : left; background-color: #F7F7F7; border: 0px #F0F0F0 solid; padding:0px 4px 0px 4px" class="hierarchy">0..*</td><td style="vertical-align: top; text-align : left; background-color: #F7F7F7; border: 0px #F0F0F0 solid; padding:0px 4px 0px 4px" class="hierarchy"><a href="http://hl7.org/fhir/R4/datatypes.html#string">string</a></td><td style="vertical-align: top; text-align : left; background-color: #F7F7F7; border: 0px #F0F0F0 solid; padding:0px 4px 0px 4px" class="hierarchy"><span style="opacity: 0.5">streetNameType</span><br/><span style="font-weight:bold">URL: </span><a href="http://hl7.org/fhir/R4/extension-iso21090-adxp-streetnametype.html">http://hl7.org/fhir/StructureDefinition/iso21090-ADXP-streetNameType</a><br/></td></tr>
<tr style="border: 0px #F0F0F0 solid; padding:0px; vertical-align: top; background-color: white"><td style="vertical-align: top; text-align : left; background-color: white; border: 0px #F0F0F0 solid; padding:0px 4px 0px 4px; white-space: nowrap; background-image: url(tbl_bck014.png)" class="hierarchy"><img src="tbl_spacer.png" alt="." style="background-color: inherit" class="hierarchy"/><img src="tbl_blank.png" alt="." style="background-color: inherit" class="hierarchy"/><img src="tbl_vjoin.png" alt="." style="background-color: inherit" class="hierarchy"/><img src="icon_slice_item.png" alt="." style="background-color: white; background-color: inherit" title="Slice Item" class="hierarchy"/> <a href="StructureDefinition-Fr-Address-Extended-definitions.html#Address.line.extension:streetNamebase" title="Extension URL = http://hl7.org/fhir/StructureDefinition/iso21090-ADXP-streetNameBase">streetNamebase</a><a name="Address.line.extension"> </a></td><td style="vertical-align: top; text-align : left; background-color: white; border: 0px #F0F0F0 solid; padding:0px 4px 0px 4px" class="hierarchy"/><td style="vertical-align: top; text-align : left; background-color: white; border: 0px #F0F0F0 solid; padding:0px 4px 0px 4px" class="hierarchy">0..*</td><td style="vertical-align: top; text-align : left; background-color: white; border: 0px #F0F0F0 solid; padding:0px 4px 0px 4px" class="hierarchy"><a href="http://hl7.org/fhir/R4/datatypes.html#string">string</a></td><td style="vertical-align: top; text-align : left; background-color: white; border: 0px #F0F0F0 solid; padding:0px 4px 0px 4px" class="hierarchy"><span style="opacity: 0.5">streetNameBase</span><br/><span style="font-weight:bold">URL: </span><a href="http://hl7.org/fhir/R4/extension-iso21090-adxp-streetnamebase.html">http://hl7.org/fhir/StructureDefinition/iso21090-ADXP-streetNameBase</a><br/></td></tr>
<tr style="border: 0px #F0F0F0 solid; padding:0px; vertical-align: top; background-color: #F7F7F7"><td style="vertical-align: top; text-align : left; background-color: #F7F7F7; border: 0px #F0F0F0 solid; padding:0px 4px 0px 4px; white-space: nowrap; background-image: url(tbl_bck004.png)" class="hierarchy"><img src="tbl_spacer.png" alt="." style="background-color: inherit" class="hierarchy"/><img src="tbl_blank.png" alt="." style="background-color: inherit" class="hierarchy"/><img src="tbl_vjoin_end.png" alt="." style="background-color: inherit" class="hierarchy"/><img src="icon_slice_item.png" alt="." style="background-color: #F7F7F7; background-color: inherit" title="Slice Item" class="hierarchy"/> <a href="StructureDefinition-Fr-Address-Extended-definitions.html#Address.line.extension:postBox" title="Extension URL = http://hl7.org/fhir/StructureDefinition/iso21090-ADXP-postBox">postBox</a><a name="Address.line.extension"> </a></td><td style="vertical-align: top; text-align : left; background-color: #F7F7F7; border: 0px #F0F0F0 solid; padding:0px 4px 0px 4px" class="hierarchy"/><td style="vertical-align: top; text-align : left; background-color: #F7F7F7; border: 0px #F0F0F0 solid; padding:0px 4px 0px 4px" class="hierarchy">0..*</td><td style="vertical-align: top; text-align : left; background-color: #F7F7F7; border: 0px #F0F0F0 solid; padding:0px 4px 0px 4px" class="hierarchy"><a href="http://hl7.org/fhir/R4/datatypes.html#string">string</a></td><td style="vertical-align: top; text-align : left; background-color: #F7F7F7; border: 0px #F0F0F0 solid; padding:0px 4px 0px 4px" class="hierarchy"><span style="opacity: 0.5">postBox</span><br/><span style="font-weight:bold">URL: </span><a href="http://hl7.org/fhir/R4/extension-iso21090-adxp-postbox.html">http://hl7.org/fhir/StructureDefinition/iso21090-ADXP-postBox</a><br/></td></tr>
<tr><td colspan="5" class="hierarchy"><br/><a href="https://build.fhir.org/ig/FHIR/ig-guidance/readingIgs.html#table-views" title="Legend for this format"><img src="http://hl7.org/fhir/R4/help16.png" alt="doco" style="background-color: inherit"/> Documentation for this format</a></td></tr></table></div>
  </text>
  <url value="http://interop.esante.gouv.fr/ig/fhir/as03/StructureDefinition/Fr-Address-Extended"/>
  <version value="0.1.0"/>
  <name value="FrAddressExtended"/>
  <status value="draft"/>
  <date value="2023-03-16T16:32:36+01:00"/>
  <publisher value="ANS"/>
  <contact>
    <name value="ANS"/>
    <telecom>
      <system value="url"/>
      <value value="https://esante.gouv.fr"/>
    </telecom>
    <telecom>
      <system value="email"/>
      <value value="monserviceclient.annuaire@esante.gouv.fr"/>
    </telecom>
  </contact>
  <fhirVersion value="4.0.1"/>
  <kind value="complex-type"/>
  <abstract value="false"/>
  <type value="Address"/>
  <baseDefinition value="http://interopsante.org/fhir/StructureDefinition/FrAddress"/>
  <derivation value="constraint"/>
  <snapshot>
    <element id="Address">
      <path value="Address"/>
      <short value="An address expressed using postal conventions (as opposed to GPS or other location definition formats)"/>
      <definition value="An address expressed using postal conventions (as opposed to GPS or other location definition formats).  This data type may be used to convey addresses for use in delivering mail as well as for visiting locations which might not be valid for mail delivery.  There are a variety of postal address formats defined around the world."/>
      <comment value="Note: address is intended to describe postal addresses for administrative purposes, not to describe absolute geographical coordinates.  Postal addresses are often used as proxies for physical locations (also see the [Location](location.html#) resource)."/>
      <min value="0"/>
      <max value="*"/>
      <base>
        <path value="Address"/>
        <min value="0"/>
        <max value="*"/>
      </base>
      <condition value="ele-1"/>
      <constraint>
        <key value="ele-1"/>
        <severity value="error"/>
        <human value="All FHIR elements must have a @value or children"/>
        <expression value="hasValue() or (children().count() &gt; id.count())"/>
        <source value="http://hl7.org/fhir/StructureDefinition/Element"/>
      </constraint>
      <mapping>
        <identity value="rim"/>
        <map value="n/a"/>
      </mapping>
      <mapping>
        <identity value="v2"/>
        <map value="XAD"/>
      </mapping>
      <mapping>
        <identity value="rim"/>
        <map value="AD"/>
      </mapping>
      <mapping>
        <identity value="servd"/>
        <map value="Address"/>
      </mapping>
    </element>
    <element id="Address.id">
      <path value="Address.id"/>
      <representation value="xmlAttr"/>
      <short value="Unique id for inter-element referencing"/>
      <definition value="Unique id for the element within a resource (for internal references). This may be any string value that does not contain spaces."/>
      <min value="0"/>
      <max value="1"/>
      <base>
        <path value="Element.id"/>
        <min value="0"/>
        <max value="1"/>
      </base>
      <type>
        <extension url="http://hl7.org/fhir/StructureDefinition/structuredefinition-fhir-type">
          <valueUrl value="string"/>
        </extension>
        <code value="http://hl7.org/fhirpath/System.String"/>
      </type>
      <mapping>
        <identity value="rim"/>
        <map value="n/a"/>
      </mapping>
    </element>
    <element id="Address.extension">
      <extension url="http://hl7.org/fhir/StructureDefinition/structuredefinition-standards-status">
        <valueCode value="normative"/>
      </extension>
      <extension url="http://hl7.org/fhir/StructureDefinition/structuredefinition-normative-version">
        <valueCode value="4.0.0"/>
      </extension>
      <path value="Address.extension"/>
      <slicing>
        <discriminator>
          <type value="value"/>
          <path value="url"/>
        </discriminator>
        <description value="Extensions are always sliced by (at least) url"/>
        <rules value="open"/>
      </slicing>
      <short value="Additional content defined by implementations"/>
      <definition value="May be used to represent additional information that is not part of the basic definition of the element. To make the use of extensions safe and manageable, there is a strict set of governance  applied to the definition and use of extensions. Though any implementer can define an extension, there is a set of requirements that SHALL be met as part of the definition of the extension."/>
      <comment value="There can be no stigma associated with the use of extensions by any application, project, or standard - regardless of the institution or jurisdiction that uses or defines the extensions.  The use of extensions is what allows the FHIR specification to retain a core level of simplicity for everyone."/>
      <alias value="extensions"/>
      <alias value="user content"/>
      <min value="0"/>
      <max value="*"/>
      <base>
        <path value="Element.extension"/>
        <min value="0"/>
        <max value="*"/>
      </base>
      <type>
        <code value="Extension"/>
      </type>
      <condition value="ele-1"/>
      <constraint>
        <key value="ele-1"/>
        <severity value="error"/>
        <human value="All FHIR elements must have a @value or children"/>
        <expression value="hasValue() or (children().count() &gt; id.count())"/>
        <source value="http://hl7.org/fhir/StructureDefinition/Element"/>
      </constraint>
      <constraint>
        <key value="ext-1"/>
        <severity value="error"/>
        <human value="Must have either extensions or value[x], not both"/>
        <expression value="extension.exists() != value.exists()"/>
        <source value="http://hl7.org/fhir/StructureDefinition/Element"/>
      </constraint>
      <mapping>
        <identity value="rim"/>
        <map value="n/a"/>
      </mapping>
      <mapping>
        <identity value="rim"/>
        <map value="N/A"/>
      </mapping>
    </element>
    <element id="Address.extension:inseeCode">
      <extension url="http://hl7.org/fhir/StructureDefinition/structuredefinition-standards-status">
        <valueCode value="normative"/>
      </extension>
      <extension url="http://hl7.org/fhir/StructureDefinition/structuredefinition-normative-version">
        <valueCode value="4.0.0"/>
      </extension>
      <path value="Address.extension"/>
      <sliceName value="inseeCode"/>
      <short value="Optional Extensions Element"/>
      <definition value="Optional Extension Element - found in all resources."/>
      <comment value="There can be no stigma associated with the use of extensions by any application, project, or standard - regardless of the institution or jurisdiction that uses or defines the extensions.  The use of extensions is what allows the FHIR specification to retain a core level of simplicity for everyone."/>
      <alias value="extensions"/>
      <alias value="user content"/>
      <min value="0"/>
      <max value="1"/>
      <base>
        <path value="Element.extension"/>
        <min value="0"/>
        <max value="*"/>
      </base>
      <type>
        <code value="Extension"/>
        <profile value="http://interopsante.org/fhir/StructureDefinition/FrAddressInseeCode"/>
      </type>
      <condition value="ele-1"/>
      <constraint>
        <key value="ele-1"/>
        <severity value="error"/>
        <human value="All FHIR elements must have a @value or children"/>
        <expression value="hasValue() or (children().count() &gt; id.count())"/>
        <source value="http://hl7.org/fhir/StructureDefinition/Element"/>
      </constraint>
      <constraint>
        <key value="ext-1"/>
        <severity value="error"/>
        <human value="Must have either extensions or value[x], not both"/>
        <expression value="extension.exists() != value.exists()"/>
        <source value="http://hl7.org/fhir/StructureDefinition/Element"/>
      </constraint>
      <mapping>
        <identity value="rim"/>
        <map value="n/a"/>
      </mapping>
      <mapping>
        <identity value="rim"/>
        <map value="N/A"/>
      </mapping>
    </element>
    <element id="Address.extension:frenchDepartment">
      <path value="Address.extension"/>
      <sliceName value="frenchDepartment"/>
      <short value="Extension"/>
      <definition value="Département français"/>
      <min value="0"/>
      <max value="1"/>
      <base>
        <path value="Element.extension"/>
        <min value="0"/>
        <max value="*"/>
      </base>
      <type>
        <code value="Extension"/>
        <profile value="http://interop.esante.gouv.fr/ig/fhir/as03/StructureDefinition/French-Department"/>
      </type>
      <condition value="ele-1"/>
      <constraint>
        <key value="ele-1"/>
        <severity value="error"/>
        <human value="All FHIR elements must have a @value or children"/>
        <expression value="hasValue() or (children().count() &gt; id.count())"/>
        <source value="http://hl7.org/fhir/StructureDefinition/Element"/>
      </constraint>
      <constraint>
        <key value="ext-1"/>
        <severity value="error"/>
        <human value="Must have either extensions or value[x], not both"/>
        <expression value="extension.exists() != value.exists()"/>
        <source value="http://hl7.org/fhir/StructureDefinition/Element"/>
      </constraint>
    </element>
    <element id="Address.extension:countryCode">
      <path value="Address.extension"/>
      <sliceName value="countryCode"/>
      <short value="Extension"/>
      <definition value="Code pays"/>
      <min value="0"/>
      <max value="1"/>
      <base>
        <path value="Element.extension"/>
        <min value="0"/>
        <max value="*"/>
      </base>
      <type>
        <code value="Extension"/>
        <profile value="http://interop.esante.gouv.fr/ig/fhir/as03/StructureDefinition/Address-Country-Code"/>
      </type>
      <condition value="ele-1"/>
      <constraint>
        <key value="ele-1"/>
        <severity value="error"/>
        <human value="All FHIR elements must have a @value or children"/>
        <expression value="hasValue() or (children().count() &gt; id.count())"/>
        <source value="http://hl7.org/fhir/StructureDefinition/Element"/>
      </constraint>
      <constraint>
        <key value="ext-1"/>
        <severity value="error"/>
        <human value="Must have either extensions or value[x], not both"/>
        <expression value="extension.exists() != value.exists()"/>
        <source value="http://hl7.org/fhir/StructureDefinition/Element"/>
      </constraint>
    </element>
    <element id="Address.use">
      <extension url="http://hl7.org/fhir/StructureDefinition/structuredefinition-standards-status">
        <valueCode value="normative"/>
      </extension>
      <extension url="http://hl7.org/fhir/StructureDefinition/structuredefinition-normative-version">
        <valueCode value="4.0.0"/>
      </extension>
      <path value="Address.use"/>
      <short value="home | work | temp | old | billing - purpose of this address"/>
      <definition value="The purpose of this address."/>
      <comment value="Applications can assume that an address is current unless it explicitly says that it is temporary or old."/>
      <requirements value="Allows an appropriate address to be chosen from a list of many."/>
      <min value="0"/>
      <max value="1"/>
      <base>
        <path value="Address.use"/>
        <min value="0"/>
        <max value="1"/>
      </base>
      <type>
        <code value="code"/>
      </type>
      <example>
        <label value="General"/>
        <valueCode value="home"/>
      </example>
      <condition value="ele-1"/>
      <constraint>
        <key value="ele-1"/>
        <severity value="error"/>
        <human value="All FHIR elements must have a @value or children"/>
        <expression value="hasValue() or (children().count() &gt; id.count())"/>
        <source value="http://hl7.org/fhir/StructureDefinition/Element"/>
      </constraint>
      <isModifier value="true"/>
      <isModifierReason value="This is labeled as &quot;Is Modifier&quot; because applications should not mistake a temporary or old address etc.for a current/permanent one"/>
      <isSummary value="true"/>
      <binding>
        <extension url="http://hl7.org/fhir/StructureDefinition/elementdefinition-bindingName">
          <valueString value="AddressUse"/>
        </extension>
        <strength value="required"/>
        <description value="The use of an address."/>
        <valueSet value="http://hl7.org/fhir/ValueSet/address-use"/>
      </binding>
      <mapping>
        <identity value="rim"/>
        <map value="n/a"/>
      </mapping>
      <mapping>
        <identity value="v2"/>
        <map value="XAD.7"/>
      </mapping>
      <mapping>
        <identity value="rim"/>
        <map value="unique(./use)"/>
      </mapping>
      <mapping>
        <identity value="servd"/>
        <map value="./AddressPurpose"/>
      </mapping>
    </element>
    <element id="Address.type">
      <extension url="http://hl7.org/fhir/StructureDefinition/structuredefinition-standards-status">
        <valueCode value="normative"/>
      </extension>
      <extension url="http://hl7.org/fhir/StructureDefinition/structuredefinition-normative-version">
        <valueCode value="4.0.0"/>
      </extension>
      <path value="Address.type"/>
      <short value="postal | physical | both"/>
      <definition value="Distinguishes between physical addresses (those you can visit) and mailing addresses (e.g. PO Boxes and care-of addresses). Most addresses are both."/>
      <comment value="The definition of Address states that &quot;address is intended to describe postal addresses, not physical locations&quot;. However, many applications track whether an address has a dual purpose of being a location that can be visited as well as being a valid delivery destination, and Postal addresses are often used as proxies for physical locations (also see the [Location](location.html#) resource)."/>
      <min value="0"/>
      <max value="1"/>
      <base>
        <path value="Address.type"/>
        <min value="0"/>
        <max value="1"/>
      </base>
      <type>
        <code value="code"/>
      </type>
      <example>
        <label value="General"/>
        <valueCode value="both"/>
      </example>
      <condition value="ele-1"/>
      <constraint>
        <key value="ele-1"/>
        <severity value="error"/>
        <human value="All FHIR elements must have a @value or children"/>
        <expression value="hasValue() or (children().count() &gt; id.count())"/>
        <source value="http://hl7.org/fhir/StructureDefinition/Element"/>
      </constraint>
      <isSummary value="true"/>
      <binding>
        <extension url="http://hl7.org/fhir/StructureDefinition/elementdefinition-bindingName">
          <valueString value="AddressType"/>
        </extension>
        <strength value="required"/>
        <description value="The type of an address (physical / postal)."/>
        <valueSet value="http://hl7.org/fhir/ValueSet/address-type"/>
      </binding>
      <mapping>
        <identity value="rim"/>
        <map value="n/a"/>
      </mapping>
      <mapping>
        <identity value="v2"/>
        <map value="XAD.18"/>
      </mapping>
      <mapping>
        <identity value="rim"/>
        <map value="unique(./use)"/>
      </mapping>
      <mapping>
        <identity value="vcard"/>
        <map value="address type parameter"/>
      </mapping>
    </element>
    <element id="Address.text">
      <extension url="http://hl7.org/fhir/StructureDefinition/structuredefinition-standards-status">
        <valueCode value="normative"/>
      </extension>
      <extension url="http://hl7.org/fhir/StructureDefinition/structuredefinition-normative-version">
        <valueCode value="4.0.0"/>
      </extension>
      <path value="Address.text"/>
      <short value="Text representation of the address"/>
      <definition value="Specifies the entire address as it should be displayed e.g. on a postal label. This may be provided instead of or as well as the specific parts."/>
      <comment value="Can provide both a text representation and parts. Applications updating an address SHALL ensure that  when both text and parts are present,  no content is included in the text that isn't found in a part."/>
      <requirements value="A renderable, unencoded form."/>
      <min value="0"/>
      <max value="1"/>
      <base>
        <path value="Address.text"/>
        <min value="0"/>
        <max value="1"/>
      </base>
      <type>
        <code value="string"/>
      </type>
      <example>
        <label value="General"/>
        <valueString value="137 Nowhere Street, Erewhon 9132"/>
      </example>
      <condition value="ele-1"/>
      <constraint>
        <key value="ele-1"/>
        <severity value="error"/>
        <human value="All FHIR elements must have a @value or children"/>
        <expression value="hasValue() or (children().count() &gt; id.count())"/>
        <source value="http://hl7.org/fhir/StructureDefinition/Element"/>
      </constraint>
      <isSummary value="true"/>
      <mapping>
        <identity value="rim"/>
        <map value="n/a"/>
      </mapping>
      <mapping>
        <identity value="v2"/>
        <map value="XAD.1 + XAD.2 + XAD.3 + XAD.4 + XAD.5 + XAD.6"/>
      </mapping>
      <mapping>
        <identity value="rim"/>
        <map value="./formatted"/>
      </mapping>
      <mapping>
        <identity value="vcard"/>
        <map value="address label parameter"/>
      </mapping>
    </element>
    <element id="Address.line">
      <extension url="http://hl7.org/fhir/StructureDefinition/structuredefinition-standards-status">
        <valueCode value="normative"/>
      </extension>
      <extension url="http://hl7.org/fhir/StructureDefinition/structuredefinition-normative-version">
        <valueCode value="4.0.0"/>
      </extension>
      <path value="Address.line"/>
      <short value="Street name, number, direction &amp; P.O. Box etc."/>
      <definition value="This component contains the house number, apartment number, street name, street direction,  P.O. Box number, delivery hints, and similar address information."/>
      <comment value="Note that FHIR strings SHALL NOT exceed 1MB in size"/>
      <min value="0"/>
      <max value="*"/>
      <base>
        <path value="Address.line"/>
        <min value="0"/>
        <max value="*"/>
      </base>
      <type>
        <code value="string"/>
      </type>
      <orderMeaning value="The order in which lines should appear in an address label"/>
      <example>
        <label value="General"/>
        <valueString value="137 Nowhere Street"/>
      </example>
      <condition value="ele-1"/>
      <constraint>
        <key value="ele-1"/>
        <severity value="error"/>
        <human value="All FHIR elements must have a @value or children"/>
        <expression value="hasValue() or (children().count() &gt; id.count())"/>
        <source value="http://hl7.org/fhir/StructureDefinition/Element"/>
      </constraint>
      <isSummary value="true"/>
      <mapping>
        <identity value="rim"/>
        <map value="n/a"/>
      </mapping>
      <mapping>
        <identity value="v2"/>
        <map value="XAD.1 + XAD.2 (note: XAD.1 and XAD.2 have different meanings for a company address than for a person address)"/>
      </mapping>
      <mapping>
        <identity value="rim"/>
        <map value="AD.part[parttype = AL]"/>
      </mapping>
      <mapping>
        <identity value="vcard"/>
        <map value="street"/>
      </mapping>
      <mapping>
        <identity value="servd"/>
        <map value="./StreetAddress (newline delimitted)"/>
      </mapping>
    </element>
    <element id="Address.line.id">
      <path value="Address.line.id"/>
      <representation value="xmlAttr"/>
      <short value="xml:id (or equivalent in JSON)"/>
      <definition value="unique id for the element within a resource (for internal references)"/>
      <min value="0"/>
      <max value="1"/>
      <base>
        <path value="Element.id"/>
        <min value="0"/>
        <max value="1"/>
      </base>
      <type>
        <extension url="http://hl7.org/fhir/StructureDefinition/structuredefinition-fhir-type">
          <valueUrl value="string"/>
        </extension>
        <code value="http://hl7.org/fhirpath/System.String"/>
      </type>
      <isModifier value="false"/>
      <isSummary value="false"/>
    </element>
    <element id="Address.line.extension">
      <path value="Address.line.extension"/>
      <slicing>
        <discriminator>
          <type value="value"/>
          <path value="url"/>
        </discriminator>
        <rules value="open"/>
      </slicing>
      <short value="Extension"/>
      <definition value="An Extension"/>
      <min value="0"/>
      <max value="*"/>
      <base>
        <path value="Element.extension"/>
        <min value="0"/>
        <max value="*"/>
      </base>
      <type>
        <code value="Extension"/>
      </type>
      <constraint>
        <key value="ele-1"/>
        <severity value="error"/>
        <human value="All FHIR elements must have a @value or children"/>
        <expression value="hasValue() or (children().count() &gt; id.count())"/>
        <source value="http://hl7.org/fhir/StructureDefinition/Element"/>
      </constraint>
      <constraint>
        <key value="ext-1"/>
        <severity value="error"/>
        <human value="Must have either extensions or value[x], not both"/>
        <expression value="extension.exists() != value.exists()"/>
        <source value="http://hl7.org/fhir/StructureDefinition/Extension"/>
      </constraint>
      <isModifier value="false"/>
      <isSummary value="false"/>
    </element>
    <element id="Address.line.extension:careOf">
      <path value="Address.line.extension"/>
      <sliceName value="careOf"/>
      <short value="careOf"/>
      <definition value="The name of the party who will take receipt at the specified address, and will take on responsibility for ensuring delivery to the target recipient."/>
      <min value="0"/>
      <max value="*"/>
      <base>
        <path value="Element.extension"/>
        <min value="0"/>
        <max value="*"/>
      </base>
      <type>
        <code value="Extension"/>
        <profile value="http://hl7.org/fhir/StructureDefinition/iso21090-ADXP-careOf"/>
      </type>
      <condition value="ele-1"/>
      <constraint>
        <key value="ele-1"/>
        <severity value="error"/>
        <human value="All FHIR elements must have a @value or children"/>
        <expression value="hasValue() or (children().count() &gt; id.count())"/>
        <source value="http://hl7.org/fhir/StructureDefinition/Element"/>
      </constraint>
      <constraint>
        <key value="ext-1"/>
        <severity value="error"/>
        <human value="Must have either extensions or value[x], not both"/>
        <expression value="extension.exists() != value.exists()"/>
        <source value="http://hl7.org/fhir/StructureDefinition/Extension"/>
      </constraint>
      <isModifier value="false"/>
      <mapping>
        <identity value="rim"/>
        <map value="ADXP[partType=CAR]"/>
      </mapping>
    </element>
    <element id="Address.line.extension:additionalLocator">
      <path value="Address.line.extension"/>
      <sliceName value="additionalLocator"/>
      <short value="additionalLocator"/>
      <definition value="This can be a unit designator, such as apartment number, suite number, or floor. There may be several unit designators in an address (e.g., &quot;3rd floor, Appt. 342&quot;). This can also be a designator pointing away from the location, rather than specifying a smaller location within some larger one (e.g., Dutch &quot;t.o.&quot; means &quot;opposite to&quot; for house boats located across the street facing houses)."/>
      <min value="0"/>
      <max value="*"/>
      <base>
        <path value="Element.extension"/>
        <min value="0"/>
        <max value="*"/>
      </base>
      <type>
        <code value="Extension"/>
        <profile value="http://hl7.org/fhir/StructureDefinition/iso21090-ADXP-additionalLocator"/>
      </type>
      <condition value="ele-1"/>
      <constraint>
        <key value="ele-1"/>
        <severity value="error"/>
        <human value="All FHIR elements must have a @value or children"/>
        <expression value="hasValue() or (children().count() &gt; id.count())"/>
        <source value="http://hl7.org/fhir/StructureDefinition/Element"/>
      </constraint>
      <constraint>
        <key value="ext-1"/>
        <severity value="error"/>
        <human value="Must have either extensions or value[x], not both"/>
        <expression value="extension.exists() != value.exists()"/>
        <source value="http://hl7.org/fhir/StructureDefinition/Extension"/>
      </constraint>
      <isModifier value="false"/>
      <mapping>
        <identity value="rim"/>
        <map value="ADXP[partType=ADL]"/>
      </mapping>
    </element>
    <element id="Address.line.extension:houseNumber">
      <path value="Address.line.extension"/>
      <sliceName value="houseNumber"/>
      <short value="houseNumber"/>
      <definition value="The number of a building, house or lot alongside the street. Also known as &quot;primary street number&quot;. This does not number the street but rather the building."/>
      <min value="0"/>
      <max value="*"/>
      <base>
        <path value="Element.extension"/>
        <min value="0"/>
        <max value="*"/>
      </base>
      <type>
        <code value="Extension"/>
        <profile value="http://hl7.org/fhir/StructureDefinition/iso21090-ADXP-houseNumber"/>
      </type>
      <condition value="ele-1"/>
      <constraint>
        <key value="ele-1"/>
        <severity value="error"/>
        <human value="All FHIR elements must have a @value or children"/>
        <expression value="hasValue() or (children().count() &gt; id.count())"/>
        <source value="http://hl7.org/fhir/StructureDefinition/Element"/>
      </constraint>
      <constraint>
        <key value="ext-1"/>
        <severity value="error"/>
        <human value="Must have either extensions or value[x], not both"/>
        <expression value="extension.exists() != value.exists()"/>
        <source value="http://hl7.org/fhir/StructureDefinition/Extension"/>
      </constraint>
      <isModifier value="false"/>
      <mapping>
        <identity value="rim"/>
        <map value="ADXP[partType=BNR]"/>
      </mapping>
    </element>
    <element id="Address.line.extension:buildingNumberSuffix">
      <path value="Address.line.extension"/>
      <sliceName value="buildingNumberSuffix"/>
      <short value="buildingNumberSuffix"/>
      <definition value="Any alphabetic character, fraction or other text that may appear after the numeric portion of a building number."/>
      <min value="0"/>
      <max value="*"/>
      <base>
        <path value="Element.extension"/>
        <min value="0"/>
        <max value="*"/>
      </base>
      <type>
        <code value="Extension"/>
        <profile value="http://hl7.org/fhir/StructureDefinition/iso21090-ADXP-buildingNumberSuffix"/>
      </type>
      <condition value="ele-1"/>
      <constraint>
        <key value="ele-1"/>
        <severity value="error"/>
        <human value="All FHIR elements must have a @value or children"/>
        <expression value="hasValue() or (children().count() &gt; id.count())"/>
        <source value="http://hl7.org/fhir/StructureDefinition/Element"/>
      </constraint>
      <constraint>
        <key value="ext-1"/>
        <severity value="error"/>
        <human value="Must have either extensions or value[x], not both"/>
        <expression value="extension.exists() != value.exists()"/>
        <source value="http://hl7.org/fhir/StructureDefinition/Extension"/>
      </constraint>
      <isModifier value="false"/>
      <mapping>
        <identity value="rim"/>
        <map value="ADXP[partType=BNS]"/>
      </mapping>
    </element>
    <element id="Address.line.extension:streetNameType">
      <path value="Address.line.extension"/>
      <sliceName value="streetNameType"/>
      <short value="streetNameType"/>
      <definition value="The designation given to the street. (e.g. Street, Avenue, Crescent, etc.)."/>
      <min value="0"/>
      <max value="*"/>
      <base>
        <path value="Element.extension"/>
        <min value="0"/>
        <max value="*"/>
      </base>
      <type>
        <code value="Extension"/>
        <profile value="http://hl7.org/fhir/StructureDefinition/iso21090-ADXP-streetNameType"/>
      </type>
      <condition value="ele-1"/>
      <constraint>
        <key value="ele-1"/>
        <severity value="error"/>
        <human value="All FHIR elements must have a @value or children"/>
        <expression value="hasValue() or (children().count() &gt; id.count())"/>
        <source value="http://hl7.org/fhir/StructureDefinition/Element"/>
      </constraint>
      <constraint>
        <key value="ext-1"/>
        <severity value="error"/>
        <human value="Must have either extensions or value[x], not both"/>
        <expression value="extension.exists() != value.exists()"/>
        <source value="http://hl7.org/fhir/StructureDefinition/Extension"/>
      </constraint>
      <isModifier value="false"/>
      <mapping>
        <identity value="rim"/>
        <map value="ADXP[partType=STTYP]"/>
      </mapping>
    </element>
    <element id="Address.line.extension:streetNamebase">
      <path value="Address.line.extension"/>
      <sliceName value="streetNamebase"/>
      <short value="streetNameBase"/>
      <definition value="The base name of a roadway or artery recognized by a municipality (excluding street type and direction)."/>
      <min value="0"/>
      <max value="*"/>
      <base>
        <path value="Element.extension"/>
        <min value="0"/>
        <max value="*"/>
      </base>
      <type>
        <code value="Extension"/>
        <profile value="http://hl7.org/fhir/StructureDefinition/iso21090-ADXP-streetNameBase"/>
      </type>
      <condition value="ele-1"/>
      <constraint>
        <key value="ele-1"/>
        <severity value="error"/>
        <human value="All FHIR elements must have a @value or children"/>
        <expression value="hasValue() or (children().count() &gt; id.count())"/>
        <source value="http://hl7.org/fhir/StructureDefinition/Element"/>
      </constraint>
      <constraint>
        <key value="ext-1"/>
        <severity value="error"/>
        <human value="Must have either extensions or value[x], not both"/>
        <expression value="extension.exists() != value.exists()"/>
        <source value="http://hl7.org/fhir/StructureDefinition/Extension"/>
      </constraint>
      <isModifier value="false"/>
      <mapping>
        <identity value="rim"/>
        <map value="ADXP[partType=STB]"/>
      </mapping>
    </element>
    <element id="Address.line.extension:postBox">
      <path value="Address.line.extension"/>
      <sliceName value="postBox"/>
      <short value="postBox"/>
      <definition value="A numbered box located in a post station."/>
      <min value="0"/>
      <max value="*"/>
      <base>
        <path value="Element.extension"/>
        <min value="0"/>
        <max value="*"/>
      </base>
      <type>
        <code value="Extension"/>
        <profile value="http://hl7.org/fhir/StructureDefinition/iso21090-ADXP-postBox"/>
      </type>
      <condition value="ele-1"/>
      <constraint>
        <key value="ele-1"/>
        <severity value="error"/>
        <human value="All FHIR elements must have a @value or children"/>
        <expression value="hasValue() or (children().count() &gt; id.count())"/>
        <source value="http://hl7.org/fhir/StructureDefinition/Element"/>
      </constraint>
      <constraint>
        <key value="ext-1"/>
        <severity value="error"/>
        <human value="Must have either extensions or value[x], not both"/>
        <expression value="extension.exists() != value.exists()"/>
        <source value="http://hl7.org/fhir/StructureDefinition/Extension"/>
      </constraint>
      <isModifier value="false"/>
      <mapping>
        <identity value="rim"/>
        <map value="ADXP[partType=POB]"/>
      </mapping>
    </element>
    <element id="Address.line.value">
      <path value="Address.line.value"/>
      <representation value="xmlAttr"/>
      <short value="Primitive value for string"/>
      <definition value="The actual value"/>
      <min value="0"/>
      <max value="1"/>
      <base>
        <path value="string.value"/>
        <min value="0"/>
        <max value="1"/>
      </base>
      <type>
        <extension url="http://hl7.org/fhir/StructureDefinition/structuredefinition-fhir-type">
          <valueUrl value="string"/>
        </extension>
        <extension url="http://hl7.org/fhir/StructureDefinition/regex">
          <valueString value="[ \r\n\t\S]+"/>
        </extension>
        <code value="http://hl7.org/fhirpath/System.String"/>
      </type>
      <maxLength value="1048576"/>
      <isModifier value="false"/>
      <isSummary value="false"/>
    </element>
    <element id="Address.city">
      <extension url="http://hl7.org/fhir/StructureDefinition/structuredefinition-standards-status">
        <valueCode value="normative"/>
      </extension>
      <extension url="http://hl7.org/fhir/StructureDefinition/structuredefinition-normative-version">
        <valueCode value="4.0.0"/>
      </extension>
      <path value="Address.city"/>
      <short value="Name of city, town etc."/>
      <definition value="The name of the city, town, suburb, village or other community or delivery center."/>
      <comment value="Note that FHIR strings SHALL NOT exceed 1MB in size"/>
      <alias value="Municpality"/>
      <min value="0"/>
      <max value="1"/>
      <base>
        <path value="Address.city"/>
        <min value="0"/>
        <max value="1"/>
      </base>
      <type>
        <code value="string"/>
      </type>
      <example>
        <label value="General"/>
        <valueString value="Erewhon"/>
      </example>
      <condition value="ele-1"/>
      <constraint>
        <key value="ele-1"/>
        <severity value="error"/>
        <human value="All FHIR elements must have a @value or children"/>
        <expression value="hasValue() or (children().count() &gt; id.count())"/>
        <source value="http://hl7.org/fhir/StructureDefinition/Element"/>
      </constraint>
      <isSummary value="true"/>
      <mapping>
        <identity value="rim"/>
        <map value="n/a"/>
      </mapping>
      <mapping>
        <identity value="v2"/>
        <map value="XAD.3"/>
      </mapping>
      <mapping>
        <identity value="rim"/>
        <map value="AD.part[parttype = CTY]"/>
      </mapping>
      <mapping>
        <identity value="vcard"/>
        <map value="locality"/>
      </mapping>
      <mapping>
        <identity value="servd"/>
        <map value="./Jurisdiction"/>
      </mapping>
    </element>
    <element id="Address.district">
      <extension url="http://hl7.org/fhir/StructureDefinition/structuredefinition-standards-status">
        <valueCode value="normative"/>
      </extension>
      <extension url="http://hl7.org/fhir/StructureDefinition/structuredefinition-normative-version">
        <valueCode value="4.0.0"/>
      </extension>
      <path value="Address.district"/>
      <short value="District name (aka county)"/>
      <definition value="The name of the administrative area (county)."/>
      <comment value="District is sometimes known as county, but in some regions 'county' is used in place of city (municipality), so county name should be conveyed in city instead."/>
      <alias value="County"/>
      <min value="0"/>
      <max value="1"/>
      <base>
        <path value="Address.district"/>
        <min value="0"/>
        <max value="1"/>
      </base>
      <type>
        <code value="string"/>
      </type>
      <example>
        <label value="General"/>
        <valueString value="Madison"/>
      </example>
      <condition value="ele-1"/>
      <constraint>
        <key value="ele-1"/>
        <severity value="error"/>
        <human value="All FHIR elements must have a @value or children"/>
        <expression value="hasValue() or (children().count() &gt; id.count())"/>
        <source value="http://hl7.org/fhir/StructureDefinition/Element"/>
      </constraint>
      <isSummary value="true"/>
      <mapping>
        <identity value="rim"/>
        <map value="n/a"/>
      </mapping>
      <mapping>
        <identity value="v2"/>
        <map value="XAD.9"/>
      </mapping>
      <mapping>
        <identity value="rim"/>
        <map value="AD.part[parttype = CNT | CPA]"/>
      </mapping>
    </element>
    <element id="Address.state">
      <extension url="http://hl7.org/fhir/StructureDefinition/structuredefinition-standards-status">
        <valueCode value="normative"/>
      </extension>
      <extension url="http://hl7.org/fhir/StructureDefinition/structuredefinition-normative-version">
        <valueCode value="4.0.0"/>
      </extension>
      <path value="Address.state"/>
      <short value="Sub-unit of country (abbreviations ok)"/>
      <definition value="Sub-unit of a country with limited sovereignty in a federally organized country. A code may be used if codes are in common use (e.g. US 2 letter state codes)."/>
      <comment value="Note that FHIR strings SHALL NOT exceed 1MB in size"/>
      <alias value="Province"/>
      <alias value="Territory"/>
      <min value="0"/>
      <max value="1"/>
      <base>
        <path value="Address.state"/>
        <min value="0"/>
        <max value="1"/>
      </base>
      <type>
        <code value="string"/>
      </type>
      <condition value="ele-1"/>
      <constraint>
        <key value="ele-1"/>
        <severity value="error"/>
        <human value="All FHIR elements must have a @value or children"/>
        <expression value="hasValue() or (children().count() &gt; id.count())"/>
        <source value="http://hl7.org/fhir/StructureDefinition/Element"/>
      </constraint>
      <isSummary value="true"/>
      <mapping>
        <identity value="rim"/>
        <map value="n/a"/>
      </mapping>
      <mapping>
        <identity value="v2"/>
        <map value="XAD.4"/>
      </mapping>
      <mapping>
        <identity value="rim"/>
        <map value="AD.part[parttype = STA]"/>
      </mapping>
      <mapping>
        <identity value="vcard"/>
        <map value="region"/>
      </mapping>
      <mapping>
        <identity value="servd"/>
        <map value="./Region"/>
      </mapping>
    </element>
    <element id="Address.postalCode">
      <extension url="http://hl7.org/fhir/StructureDefinition/structuredefinition-standards-status">
        <valueCode value="normative"/>
      </extension>
      <extension url="http://hl7.org/fhir/StructureDefinition/structuredefinition-normative-version">
        <valueCode value="4.0.0"/>
      </extension>
      <path value="Address.postalCode"/>
      <short value="Postal code for area"/>
      <definition value="A postal code designating a region defined by the postal service."/>
      <comment value="Note that FHIR strings SHALL NOT exceed 1MB in size"/>
      <alias value="Zip"/>
      <min value="0"/>
      <max value="1"/>
      <base>
        <path value="Address.postalCode"/>
        <min value="0"/>
        <max value="1"/>
      </base>
      <type>
        <code value="string"/>
      </type>
      <example>
        <label value="General"/>
        <valueString value="9132"/>
      </example>
      <condition value="ele-1"/>
      <constraint>
        <key value="ele-1"/>
        <severity value="error"/>
        <human value="All FHIR elements must have a @value or children"/>
        <expression value="hasValue() or (children().count() &gt; id.count())"/>
        <source value="http://hl7.org/fhir/StructureDefinition/Element"/>
      </constraint>
      <isSummary value="true"/>
      <mapping>
        <identity value="rim"/>
        <map value="n/a"/>
      </mapping>
      <mapping>
        <identity value="v2"/>
        <map value="XAD.5"/>
      </mapping>
      <mapping>
        <identity value="rim"/>
        <map value="AD.part[parttype = ZIP]"/>
      </mapping>
      <mapping>
        <identity value="vcard"/>
        <map value="code"/>
      </mapping>
      <mapping>
        <identity value="servd"/>
        <map value="./PostalIdentificationCode"/>
      </mapping>
    </element>
    <element id="Address.country">
      <extension url="http://hl7.org/fhir/StructureDefinition/structuredefinition-standards-status">
        <valueCode value="normative"/>
      </extension>
      <extension url="http://hl7.org/fhir/StructureDefinition/structuredefinition-normative-version">
        <valueCode value="4.0.0"/>
      </extension>
      <path value="Address.country"/>
      <short value="Country (will be ISO 3166 3 letter code; code=FRA for France)"/>
      <definition value="Country - a nation as commonly understood or generally accepted."/>
      <comment value="ISO 3166 3 letter codes can be used in place of a full country name. FRA for France."/>
      <min value="0"/>
      <max value="1"/>
      <base>
        <path value="Address.country"/>
        <min value="0"/>
        <max value="1"/>
      </base>
      <type>
        <code value="string"/>
      </type>
      <condition value="ele-1"/>
      <constraint>
        <key value="ele-1"/>
        <severity value="error"/>
        <human value="All FHIR elements must have a @value or children"/>
        <expression value="hasValue() or (children().count() &gt; id.count())"/>
        <source value="http://hl7.org/fhir/StructureDefinition/Element"/>
      </constraint>
      <isSummary value="true"/>
      <mapping>
        <identity value="rim"/>
        <map value="n/a"/>
      </mapping>
      <mapping>
        <identity value="v2"/>
        <map value="XAD.6"/>
      </mapping>
      <mapping>
        <identity value="rim"/>
        <map value="AD.part[parttype = CNT]"/>
      </mapping>
      <mapping>
        <identity value="vcard"/>
        <map value="country"/>
      </mapping>
      <mapping>
        <identity value="servd"/>
        <map value="./Country"/>
      </mapping>
    </element>
    <element id="Address.period">
      <extension url="http://hl7.org/fhir/StructureDefinition/structuredefinition-standards-status">
        <valueCode value="normative"/>
      </extension>
      <extension url="http://hl7.org/fhir/StructureDefinition/structuredefinition-normative-version">
        <valueCode value="4.0.0"/>
      </extension>
      <path value="Address.period"/>
      <short value="Time period when address was/is in use"/>
      <definition value="Time period when address was/is in use."/>
      <comment value="A Period specifies a range of time; the context of use will specify whether the entire range applies (e.g. &quot;the patient was an inpatient of the hospital for this time range&quot;) or one value from the range applies (e.g. &quot;give to the patient between these two times&quot;).&#xA;&#xA;Period is not used for a duration (a measure of elapsed time). See [Duration](datatypes.html#Duration)."/>
      <requirements value="Allows addresses to be placed in historical context."/>
      <min value="0"/>
      <max value="1"/>
      <base>
        <path value="Address.period"/>
        <min value="0"/>
        <max value="1"/>
      </base>
      <type>
        <code value="Period"/>
      </type>
      <example>
        <label value="General"/>
        <valuePeriod>
          <start value="2010-03-23"/>
          <end value="2010-07-01"/>
        </valuePeriod>
      </example>
      <condition value="ele-1"/>
      <constraint>
        <key value="ele-1"/>
        <severity value="error"/>
        <human value="All FHIR elements must have a @value or children"/>
        <expression value="hasValue() or (children().count() &gt; id.count())"/>
        <source value="http://hl7.org/fhir/StructureDefinition/Element"/>
      </constraint>
      <constraint>
        <key value="per-1"/>
        <severity value="error"/>
        <human value="If present, start SHALL have a lower value than end"/>
        <expression value="start.hasValue().not() or end.hasValue().not() or (start &lt;= end)"/>
        <source value="http://hl7.org/fhir/StructureDefinition/Address"/>
      </constraint>
      <isSummary value="true"/>
      <mapping>
        <identity value="rim"/>
        <map value="n/a"/>
      </mapping>
      <mapping>
        <identity value="v2"/>
        <map value="DR"/>
      </mapping>
      <mapping>
        <identity value="rim"/>
        <map value="IVL&lt;TS&gt;[lowClosed=&quot;true&quot; and highClosed=&quot;true&quot;] or URG&lt;TS&gt;[lowClosed=&quot;true&quot; and highClosed=&quot;true&quot;]"/>
      </mapping>
      <mapping>
        <identity value="v2"/>
        <map value="XAD.12 / XAD.13 + XAD.14"/>
      </mapping>
      <mapping>
        <identity value="rim"/>
        <map value="./usablePeriod[type=&quot;IVL&lt;TS&gt;&quot;]"/>
      </mapping>
      <mapping>
        <identity value="servd"/>
        <map value="./StartDate and ./EndDate"/>
      </mapping>
    </element>
  </snapshot>
  <differential>
    <element id="Address">
      <path value="Address"/>
    </element>
    <element id="Address.extension:frenchDepartment">
      <path value="Address.extension"/>
      <sliceName value="frenchDepartment"/>
      <min value="0"/>
      <max value="1"/>
      <type>
        <code value="Extension"/>
        <profile value="http://interop.esante.gouv.fr/ig/fhir/as03/StructureDefinition/French-Department"/>
      </type>
    </element>
    <element id="Address.extension:countryCode">
      <path value="Address.extension"/>
      <sliceName value="countryCode"/>
      <min value="0"/>
      <max value="1"/>
      <type>
        <code value="Extension"/>
        <profile value="http://interop.esante.gouv.fr/ig/fhir/as03/StructureDefinition/Address-Country-Code"/>
      </type>
    </element>
    <element id="Address.line.extension">
      <path value="Address.line.extension"/>
      <slicing>
        <discriminator>
          <type value="value"/>
          <path value="url"/>
        </discriminator>
        <rules value="open"/>
      </slicing>
    </element>
    <element id="Address.line.extension:careOf">
      <path value="Address.line.extension"/>
      <sliceName value="careOf"/>
      <min value="0"/>
      <max value="*"/>
      <type>
        <code value="Extension"/>
        <profile value="http://hl7.org/fhir/StructureDefinition/iso21090-ADXP-careOf"/>
      </type>
    </element>
    <element id="Address.line.extension:additionalLocator">
      <path value="Address.line.extension"/>
      <sliceName value="additionalLocator"/>
      <min value="0"/>
      <max value="*"/>
      <type>
        <code value="Extension"/>
        <profile value="http://hl7.org/fhir/StructureDefinition/iso21090-ADXP-additionalLocator"/>
      </type>
    </element>
    <element id="Address.line.extension:houseNumber">
      <path value="Address.line.extension"/>
      <sliceName value="houseNumber"/>
      <min value="0"/>
      <max value="*"/>
      <type>
        <code value="Extension"/>
        <profile value="http://hl7.org/fhir/StructureDefinition/iso21090-ADXP-houseNumber"/>
      </type>
    </element>
    <element id="Address.line.extension:buildingNumberSuffix">
      <path value="Address.line.extension"/>
      <sliceName value="buildingNumberSuffix"/>
      <min value="0"/>
      <max value="*"/>
      <type>
        <code value="Extension"/>
        <profile value="http://hl7.org/fhir/StructureDefinition/iso21090-ADXP-buildingNumberSuffix"/>
      </type>
    </element>
    <element id="Address.line.extension:streetNameType">
      <path value="Address.line.extension"/>
      <sliceName value="streetNameType"/>
      <min value="0"/>
      <max value="*"/>
      <type>
        <code value="Extension"/>
        <profile value="http://hl7.org/fhir/StructureDefinition/iso21090-ADXP-streetNameType"/>
      </type>
    </element>
    <element id="Address.line.extension:streetNamebase">
      <path value="Address.line.extension"/>
      <sliceName value="streetNamebase"/>
      <min value="0"/>
      <max value="*"/>
      <type>
        <code value="Extension"/>
        <profile value="http://hl7.org/fhir/StructureDefinition/iso21090-ADXP-streetNameBase"/>
      </type>
    </element>
    <element id="Address.line.extension:postBox">
      <path value="Address.line.extension"/>
      <sliceName value="postBox"/>
      <min value="0"/>
      <max value="*"/>
      <type>
        <code value="Extension"/>
        <profile value="http://hl7.org/fhir/StructureDefinition/iso21090-ADXP-postBox"/>
      </type>
    </element>
  </differential>
</StructureDefinition>