{
  "package": "ans.fhir.fr.as03",
  "version": "0.1.0",
  "fhirVersion": "4.0.1",
  "extensions": [
    {
      "url": "http://interop.esante.gouv.fr/ig/fhir/as03/StructureDefinition/Address-Country-Code",
      "title": "AdressCountryCode",
      "types": [
        "code"
      ]
    },
    {
      "url": "http://interop.esante.gouv.fr/ig/fhir/as03/StructureDefinition/CodeableConcept-Period",
      "title": "CodeableConceptPeriod",
      "types": [
        "Period"
      ]
    },
    {
      "url": "http://interop.esante.gouv.fr/ig/fhir/as03/StructureDefinition/Device-AuthorizationDateDevice",
      "title": "DeviceAuthorizationDateDevice",
      "types": [
        "date"
      ]
    },
    {
      "url": "http://interop.esante.gouv.fr/ig/fhir/as03/StructureDefinition/Device-NumberAuthorizationARHGOS",
      "title": "DeviceNumberaAuthorizationARHGOS",
      "types": [
        "string"
      ]
    },
    {
      "url": "http://interop.esante.gouv.fr/ig/fhir/as03/StructureDefinition/Device-PeriodImplantation",
      "title": "DevicePeriodImplantation",
      "types": [
        "Period",
        "string",
        "Extension",
        "dateTime",
        "dateTime"
      ]
    },
    {
      "url": "http://interop.esante.gouv.fr/ig/fhir/as03/StructureDefinition/DigitalCertificate",
      "title": "DigitalCertificate",
      "types": [
        "string",
        "string",
        "string",
        "Period",
        "string",
        "Extension",
        "dateTime",
        "dateTime",
        "string",
        "string",
        "Attachment",
        "base64Binary",
        "boolean",
        "canonical",
        "code",
        "date",
        "dateTime",
        "decimal",
        "id",
        "instant",
        "integer",
        "markdown",
        "oid",
        "positiveInt",
        "string",
        "time",
        "unsignedInt",
        "uri",
        "url",
        "uuid",
        "Address",
        "Age",
        "Annotation",
        "Attachment",
        "CodeableConcept",
        "Coding",
        "ContactPoint",
        "Count",
        "Distance",
        "Duration",
        "HumanName",
        "Identifier",
        "Money",
        "Period",
        "Quantity",
        "Range",
        "Ratio",
        "Reference",
        "SampledData",
        "Signature",
        "Timing",
        "ContactDetail",
        "Contributor",
        "DataRequirement",
        "Expression",
        "ParameterDefinition",
        "RelatedArtifact",
        "TriggerDefinition",
        "UsageContext",
        "Dosage",
        "Meta"
      ]
    },
    {
      "url": "http://interop.esante.gouv.fr/ig/fhir/as03/StructureDefinition/French-Department",
      "title": "FrenchDepartment",
      "types": [
        "CodeableConcept"
      ]
    },
    {
      "url": "http://interop.esante.gouv.fr/ig/fhir/as03/StructureDefinition/HealthcareService-ActivityType",
      "title": "HealthcareServiceActivityType",
      "types": [
        "CodeableConcept",
        "string",
        "Extension",
        "Coding",
        "string",
        "Extension",
        "uri",
        "string",
        "code",
        "string",
        "boolean",
        "string"
      ]
    },
    {
      "url": "http://interop.esante.gouv.fr/ig/fhir/as03/StructureDefinition/HealthcareService-AuthorizationDate",
      "title": "HealthcareServiceAuthorizationDate",
      "types": [
        "date"
      ]
    },
    {
      "url": "http://interop.esante.gouv.fr/ig/fhir/as03/StructureDefinition/HealthcareService-AuthorizationNumberARHGOS",
      "title": "HealthcareServiceAuthorizationNumberARHGOS",
      "types": [
        "string"
      ]
    },
    {
      "url": "http://interop.esante.gouv.fr/ig/fhir/as03/StructureDefinition/HealthcareService-DateUpdateActivity",
      "title": "HealthcareServiceDateUpdateActivity",
      "types": [
        "date"
      ]
    },
    {
      "url": "http://interop.esante.gouv.fr/ig/fhir/as03/StructureDefinition/HealthcareService-DeleteAutorizationImplantation",
      "title": "HealthcareServiceDeleteAutorizationImplantation",
      "types": [
        "boolean"
      ]
    },
    {
      "url": "http://interop.esante.gouv.fr/ig/fhir/as03/StructureDefinition/HealthcareService-ImplementationPeriod",
      "title": "HealthcareServiceImplementationPeriod",
      "types": [
        "Period",
        "string",
        "Extension",
        "dateTime",
        "dateTime"
      ]
    },
    {
      "url": "http://interop.esante.gouv.fr/ig/fhir/as03/StructureDefinition/HealthcareService-InstallationDate",
      "title": "HealthcareServiceInstallationDate",
      "types": [
        "date"
      ]
    },
    {
      "url": "http://interop.esante.gouv.fr/ig/fhir/as03/StructureDefinition/MailboxMSS",
      "title": "MailboxMSS",
      "types": [
        "string",
        "CodeableConcept",
        "string",
        "Extension",
        "Coding",
        "string",
        "Extension",
        "uri",
        "string",
        "code",
        "string",
        "boolean",
        "string",
        "string",
        "string",
        "string",
        "string",
        "boolean",
        "boolean",
        "Meta",
        "string",
        "Extension",
        "id",
        "instant",
        "uri",
        "canonical",
        "Coding",
        "Coding",
        "base64Binary",
        "boolean",
        "canonical",
        "code",
        "date",
        "dateTime",
        "decimal",
        "id",
        "instant",
        "integer",
        "markdown",
        "oid",
        "positiveInt",
        "string",
        "time",
        "unsignedInt",
        "uri",
        "url",
        "uuid",
        "Address",
        "Age",
        "Annotation",
        "Attachment",
        "CodeableConcept",
        "Coding",
        "ContactPoint",
        "Count",
        "Distance",
        "Duration",
        "HumanName",
        "Identifier",
        "Money",
        "Period",
        "Quantity",
        "Range",
        "Ratio",
        "Reference",
        "SampledData",
        "Signature",
        "Timing",
        "ContactDetail",
        "Contributor",
        "DataRequirement",
        "Expression",
        "ParameterDefinition",
        "RelatedArtifact",
        "TriggerDefinition",
        "UsageContext",
        "Dosage",
        "Meta"
      ]
    },
    {
      "url": "http://interop.esante.gouv.fr/ig/fhir/as03/StructureDefinition/Organization-PharmacyLicence",
      "title": "OrganizationPharmacyLicence",
      "types": [
        "string"
      ]
    },
    {
      "url": "http://interop.esante.gouv.fr/ig/fhir/as03/StructureDefinition/Practitioner-Authorization",
      "title": "PractitionerAuthorization",
      "types": [
        "CodeableConcept",
        "string",
        "Extension",
        "Coding",
        "string",
        "Extension",
        "uri",
        "string",
        "code",
        "string",
        "boolean",
        "string",
        "Period",
        "string",
        "Extension",
        "dateTime",
        "dateTime",
        "CodeableConcept",
        "string",
        "Extension",
        "Coding",
        "string",
        "Extension",
        "uri",
        "string",
        "code",
        "string",
        "boolean",
        "string",
        "CodeableConcept",
        "string",
        "Extension",
        "Coding",
        "string",
        "Extension",
        "uri",
        "string",
        "code",
        "string",
        "boolean",
        "string",
        "base64Binary",
        "boolean",
        "canonical",
        "code",
        "date",
        "dateTime",
        "decimal",
        "id",
        "instant",
        "integer",
        "markdown",
        "oid",
        "positiveInt",
        "string",
        "time",
        "unsignedInt",
        "uri",
        "url",
        "uuid",
        "Address",
        "Age",
        "Annotation",
        "Attachment",
        "CodeableConcept",
        "Coding",
        "ContactPoint",
        "Count",
        "Distance",
        "Duration",
        "HumanName",
        "Identifier",
        "Money",
        "Period",
        "Quantity",
        "Range",
        "Ratio",
        "Reference",
        "SampledData",
        "Signature",
        "Timing",
        "ContactDetail",
        "Contributor",
        "DataRequirement",
        "Expression",
        "ParameterDefinition",
        "RelatedArtifact",
        "TriggerDefinition",
        "UsageContext",
        "Dosage",
        "Meta"
      ]
    },
    {
      "url": "http://interop.esante.gouv.fr/ig/fhir/as03/StructureDefinition/Practitioner-BirthPlace",
      "title": "PractitionerBirthPlace",
      "types": [
        "Address",
        "Address"
      ]
    },
    {
      "url": "http://interop.esante.gouv.fr/ig/fhir/as03/StructureDefinition/Practitioner-DeceasedDateTime",
      "title": "PractitionerDeceasedDateTime",
      "types": [
        "dateTime",
        "dateTime"
      ]
    },
    {
      "url": "http://interop.esante.gouv.fr/ig/fhir/as03/StructureDefinition/Practitioner-Nationality",
      "title": "PractitionerNationality",
      "types": [
        "CodeableConcept",
        "string",
        "Extension",
        "Coding",
        "string",
        "Extension",
        "uri",
        "string",
        "code",
        "string",
        "boolean",
        "string",
        "Period",
        "base64Binary",
        "boolean",
        "canonical",
        "code",
        "date",
        "dateTime",
        "decimal",
        "id",
        "instant",
        "integer",
        "markdown",
        "oid",
        "positiveInt",
        "string",
        "time",
        "unsignedInt",
        "uri",
        "url",
        "uuid",
        "Address",
        "Age",
        "Annotation",
        "Attachment",
        "CodeableConcept",
        "Coding",
        "ContactPoint",
        "Count",
        "Distance",
        "Duration",
        "HumanName",
        "Identifier",
        "Money",
        "Period",
        "Quantity",
        "Range",
        "Ratio",
        "Reference",
        "SampledData",
        "Signature",
        "Timing",
        "ContactDetail",
        "Contributor",
        "DataRequirement",
        "Expression",
        "ParameterDefinition",
        "RelatedArtifact",
        "TriggerDefinition",
        "UsageContext",
        "Dosage",
        "Meta"
      ]
    },
    {
      "url": "http://interop.esante.gouv.fr/ig/fhir/as03/StructureDefinition/PractitionerRole-ActivityType",
      "title": "PractitionerRoleActivityType",
      "types": [
        "code"
      ]
    },
    {
      "url": "http://interop.esante.gouv.fr/ig/fhir/as03/StructureDefinition/PractitionerRole-AppointmentRequired",
      "title": "PractitionerRoleAppointmentRequired",
      "types": [
        "string"
      ]
    },
    {
      "url": "http://interop.esante.gouv.fr/ig/fhir/as03/StructureDefinition/PractitionerRole-Contracted",
      "title": "PractitionerRoleContracted",
      "types": [
        "CodeableConcept",
        "string",
        "Extension",
        "Coding",
        "string",
        "Extension",
        "uri",
        "string",
        "code",
        "string",
        "boolean",
        "string"
      ]
    },
    {
      "url": "http://interop.esante.gouv.fr/ig/fhir/as03/StructureDefinition/PractitionerRole-EducationLevel",
      "title": "PractitionerRoleEducationLevel",
      "types": [
        "CodeableConcept",
        "CodeableConcept",
        "string",
        "Extension",
        "Coding",
        "string",
        "Extension",
        "uri",
        "string",
        "code",
        "string",
        "boolean",
        "string",
        "CodeableConcept",
        "string",
        "Extension",
        "Coding",
        "string",
        "Extension",
        "uri",
        "string",
        "code",
        "string",
        "boolean",
        "string",
        "CodeableConcept",
        "string",
        "Extension",
        "Coding",
        "string",
        "Extension",
        "uri",
        "string",
        "code",
        "string",
        "boolean",
        "string",
        "CodeableConcept",
        "string",
        "Extension",
        "Coding",
        "string",
        "Extension",
        "uri",
        "string",
        "code",
        "string",
        "boolean",
        "string",
        "Period",
        "Reference",
        "string",
        "Extension",
        "string",
        "uri",
        "Identifier",
        "string",
        "Extension",
        "code",
        "CodeableConcept",
        "uri",
        "string",
        "Period",
        "Reference",
        "string",
        "base64Binary",
        "boolean",
        "canonical",
        "code",
        "date",
        "dateTime",
        "decimal",
        "id",
        "instant",
        "integer",
        "markdown",
        "oid",
        "positiveInt",
        "string",
        "time",
        "unsignedInt",
        "uri",
        "url",
        "uuid",
        "Address",
        "Age",
        "Annotation",
        "Attachment",
        "CodeableConcept",
        "Coding",
        "ContactPoint",
        "Count",
        "Distance",
        "Duration",
        "HumanName",
        "Identifier",
        "Money",
        "Period",
        "Quantity",
        "Range",
        "Ratio",
        "Reference",
        "SampledData",
        "Signature",
        "Timing",
        "ContactDetail",
        "Contributor",
        "DataRequirement",
        "Expression",
        "ParameterDefinition",
        "RelatedArtifact",
        "TriggerDefinition",
        "UsageContext",
        "Dosage",
        "Meta"
      ]
    },
    {
      "url": "http://interop.esante.gouv.fr/ig/fhir/as03/StructureDefinition/PractitionerRole-EndCause",
      "title": "PractitionerRoleEndCause",
      "types": [
        "CodeableConcept",
        "string",
        "Extension",
        "Coding",
        "string",
        "Extension",
        "uri",
        "string",
        "code",
        "string",
        "boolean",
        "string"
      ]
    },
    {
      "url": "http://interop.esante.gouv.fr/ig/fhir/as03/StructureDefinition/PractitionerRole-HasCAS",
      "title": "PractitionerRoleHasCAS",
      "types": [
        "boolean"
      ]
    },
    {
      "url": "http://interop.esante.gouv.fr/ig/fhir/as03/StructureDefinition/PractitionerRole-HomeCare",
      "title": "PractitionerRoleHomeCare",
      "types": [
        "boolean"
      ]
    },
    {
      "url": "http://interop.esante.gouv.fr/ig/fhir/as03/StructureDefinition/PractitionerRole-Name",
      "title": "PractitionerRoleName",
      "types": [
        "HumanName"
      ]
    },
    {
      "url": "http://interop.esante.gouv.fr/ig/fhir/as03/StructureDefinition/PractitionerRole-PartOf",
      "title": "PractitionerRolePartOf",
      "types": [
        "Reference"
      ]
    },
    {
      "url": "http://interop.esante.gouv.fr/ig/fhir/as03/StructureDefinition/PractitionerRole-Registration",
      "title": "PractitionerRoleRegistration",
      "types": [
        "CodeableConcept",
        "string",
        "Extension",
        "Coding",
        "string",
        "Extension",
        "uri",
        "string",
        "code",
        "string",
        "boolean",
        "string",
        "CodeableConcept",
        "string",
        "Extension",
        "Coding",
        "string",
        "Extension",
        "uri",
        "string",
        "code",
        "string",
        "boolean",
        "string",
        "Period",
        "CodeableConcept",
        "string",
        "Extension",
        "Coding",
        "string",
        "Extension",
        "uri",
        "string",
        "code",
        "string",
        "boolean",
        "string",
        "CodeableConcept",
        "string",
        "Extension",
        "Coding",
        "string",
        "Extension",
        "uri",
        "string",
        "code",
        "string",
        "boolean",
        "string",
        "boolean",
        "base64Binary",
        "boolean",
        "canonical",
        "code",
        "date",
        "dateTime",
        "decimal",
        "id",
        "instant",
        "integer",
        "markdown",
        "oid",
        "positiveInt",
        "string",
        "time",
        "unsignedInt",
        "uri",
        "url",
        "uuid",
        "Address",
        "Age",
        "Annotation",
        "Attachment",
        "CodeableConcept",
        "Coding",
        "ContactPoint",
        "Count",
        "Distance",
        "Duration",
        "HumanName",
        "Identifier",
        "Money",
        "Period",
        "Quantity",
        "Range",
        "Ratio",
        "Reference",
        "SampledData",
        "Signature",
        "Timing",
        "ContactDetail",
        "Contributor",
        "DataRequirement",
        "Expression",
        "ParameterDefinition",
        "RelatedArtifact",
        "TriggerDefinition",
        "UsageContext",
        "Dosage",
        "Meta"
      ]
    },
    {
      "url": "http://interop.esante.gouv.fr/ig/fhir/as03/StructureDefinition/PractitionerRole-SmartCard",
      "title": "PractitionerRoleSmartCard",
      "types": [
        "CodeableConcept",
        "string",
        "Extension",
        "Coding",
        "string",
        "Extension",
        "uri",
        "string",
        "code",
        "string",
        "boolean",
        "string",
        "string",
        "Period",
        "string",
        "Extension",
        "dateTime",
        "dateTime",
        "dateTime",
        "Meta",
        "string",
        "Extension",
        "id",
        "instant",
        "uri",
        "canonical",
        "Coding",
        "Coding",
        "base64Binary",
        "boolean",
        "canonical",
        "code",
        "date",
        "dateTime",
        "decimal",
        "id",
        "instant",
        "integer",
        "markdown",
        "oid",
        "positiveInt",
        "string",
        "time",
        "unsignedInt",
        "uri",
        "url",
        "uuid",
        "Address",
        "Age",
        "Annotation",
        "Attachment",
        "CodeableConcept",
        "Coding",
        "ContactPoint",
        "Count",
        "Distance",
        "Duration",
        "HumanName",
        "Identifier",
        "Money",
        "Period",
        "Quantity",
        "Range",
        "Ratio",
        "Reference",
        "SampledData",
        "Signature",
        "Timing",
        "ContactDetail",
        "Contributor",
        "DataRequirement",
        "Expression",
        "ParameterDefinition",
        "RelatedArtifact",
        "TriggerDefinition",
        "UsageContext",
        "Dosage",
        "Meta"
      ]
    },
    {
      "url": "http://interop.esante.gouv.fr/ig/fhir/as03/StructureDefinition/PractitionerRole-VitaleAccepted",
      "title": "PractitionerRoleVitaleAccepted",
      "types": [
        "boolean"
      ]
    },
    {
      "url": "http://interop.esante.gouv.fr/ig/fhir/as03/StructureDefinition/practitionerRole-PracticeRegion",
      "title": "PractitionerRolePracticeRegion",
      "types": [
        "CodeableConcept",
        "string",
        "Extension",
        "Coding",
        "string",
        "Extension",
        "uri",
        "string",
        "code",
        "string",
        "boolean",
        "string"
      ]
    }
  ],
  "profiles": {
    "Device": [
      {
        "url": "http://interop.esante.gouv.fr/ig/fhir/as03/StructureDefinition/AS-Device",
        "title": "ASDevice"
      }
    ],
    "HealthcareService": [
      {
        "url": "http://interop.esante.gouv.fr/ig/fhir/as03/StructureDefinition/AS-HealthcareService-HealthCareActivity",
        "title": "ASHealthcareServiceHealthCareActivity"
      },
      {
        "url": "http://interop.esante.gouv.fr/ig/fhir/as03/StructureDefinition/AS-HealthcareService-SocialEquipment",
        "title": "ASHealthcareServiceSocialEquipment"
      }
    ],
    "Location": [
      {
        "url": "http://interop.esante.gouv.fr/ig/fhir/as03/StructureDefinition/AS-Location",
        "title": "ASLocation"
      }
    ],
    "Organization": [
      {
        "url": "http://interop.esante.gouv.fr/ig/fhir/as03/StructureDefinition/AS-Organization",
        "title": "ASOrganization"
      }
    ],
    "Practitioner": [
      {
        "url": "http://interop.esante.gouv.fr/ig/fhir/as03/StructureDefinition/AS-Practitioner",
        "title": "ASPractitioner"
      }
    ],
    "PractitionerRole": [
      {
        "url": "http://interop.esante.gouv.fr/ig/fhir/as03/StructureDefinition/AS-PractitionerRole",
        "title": "ASPractitionerRole"
      },
      {
        "url": "http://interop.esante.gouv.fr/ig/fhir/as03/StructureDefinition/AS-PractitionerRole-Ameli",
        "title": "ASPractitionerRoleAmeli"
      }
    ]
  },
  "usage": {
    "http://hl7.org/fhir/StructureDefinition/elementdefinition-bestpractice": [
      "StructureDefinition.snapshot.element.constraint"
    ],
    "http://hl7.org/fhir/StructureDefinition/elementdefinition-bestpractice-explanation": [
      "StructureDefinition.snapshot.element.constraint"
    ],
    "http://hl7.org/fhir/StructureDefinition/elementdefinition-bindingName": [
      "StructureDefinition.differential.element.binding",
      "StructureDefinition.snapshot.element.binding"
    ],
    "http://hl7.org/fhir/StructureDefinition/elementdefinition-isCommonBinding": [
      "StructureDefinition.differential.element.binding",
      "StructureDefinition.snapshot.element.binding"
    ],
    "http://hl7.org/fhir/StructureDefinition/elementdefinition-maxValueSet": [
      "StructureDefinition.snapshot.element.binding"
    ],
    "http://hl7.org/fhir/StructureDefinition/elementdefinition-translatable": [
      "StructureDefinition.snapshot.element"
    ],
    "http://hl7.org/fhir/StructureDefinition/humanname-assembly-order": [
      "Practitioner.name",
      "PractitionerRole.extension.value[x]"
    ],
    "http://hl7.org/fhir/StructureDefinition/iso21090-ADXP-additionalLocator": [
      "Address.line"
    ],
    "http://hl7.org/fhir/StructureDefinition/iso21090-ADXP-buildingNumberSuffix": [
      "Address.line"
    ],
    "http://hl7.org/fhir/StructureDefinition/iso21090-ADXP-careOf": [
      "Address.line"
    ],
    "http://hl7.org/fhir/StructureDefinition/iso21090-ADXP-houseNumber": [
      "Address.line"
    ],
    "http://hl7.org/fhir/StructureDefinition/iso21090-ADXP-postBox": [
      "Address.line"
    ],
    "http://hl7.org/fhir/StructureDefinition/iso21090-ADXP-streetNameBase": [
      "Address.line"
    ],
    "http://hl7.org/fhir/StructureDefinition/iso21090-ADXP-streetNameType": [
      "Address.line"
    ],
    "http://hl7.org/fhir/StructureDefinition/organization-period": [
      "Organization"
    ],
    "http://hl7.org/fhir/StructureDefinition/regex": [
      "StructureDefinition.snapshot.element.type"
    ],
    "http://hl7.org/fhir/StructureDefinition/structuredefinition-fhir-type": [
      "StructureDefinition.snapshot.element.type"
    ],
    "http://hl7.org/fhir/StructureDefinition/structuredefinition-hierarchy": [
      "StructureDefinition.snapshot.element.type"
    ],
    "http://hl7.org/fhir/StructureDefinition/structuredefinition-normative-version": [
      "StructureDefinition.differential.element",
      "StructureDefinition.snapshot.element"
    ],
    "http://hl7.org/fhir/StructureDefinition/structuredefinition-standards-status": [
      "StructureDefinition.differential.element",
      "StructureDefinition.snapshot.element"
    ],
    "http://hl7.org/fhir/tools/StructureDefinition/ig-page-name": [
      "ImplementationGuide.definition.page",
      "ImplementationGuide.definition.page.page",
      "ImplementationGuide.definition.page.page.page"
    ],
    "http://hl7.org/fhir/tools/StructureDefinition/ig-parameter": [
      "ImplementationGuide.definition"
    ],
    "http://hl7.org/fhir/tools/StructureDefinition/implementationguide-dependency-comment": [
      "ImplementationGuide.dependsOn"
    ],
    "http://hl7.org/fhir/tools/StructureDefinition/resource-information": [
      "ImplementationGuide.definition.resource"
    ],
    "http://interop.esante.gouv.fr/ig/fhir/as03/StructureDefinition/Address-Country-Code": [
      "Address"
    ],
    "http://interop.esante.gouv.fr/ig/fhir/as03/StructureDefinition/CodeableConcept-Period": [
      "CodeableConcept",
      "Practitioner.communication"
    ],
    "http://interop.esante.gouv.fr/ig/fhir/as03/StructureDefinition/Device-AuthorizationDateDevice": [
      "Device"
    ],
    "http://interop.esante.gouv.fr/ig/fhir/as03/StructureDefinition/Device-NumberAuthorizationARHGOS": [
      "Device"
    ],
    "http://interop.esante.gouv.fr/ig/fhir/as03/StructureDefinition/Device-PeriodImplantation": [
      "Device"
    ],
    "http://interop.esante.gouv.fr/ig/fhir/as03/StructureDefinition/DigitalCertificate": [
      "Organization"
    ],
    "http://interop.esante.gouv.fr/ig/fhir/as03/StructureDefinition/French-Department": [
      "Address"
    ],
    "http://interop.esante.gouv.fr/ig/fhir/as03/StructureDefinition/HealthcareService-ActivityType": [
      "HealthcareService"
    ],
    "http://interop.esante.gouv.fr/ig/fhir/as03/StructureDefinition/HealthcareService-AuthorizationDate": [
      "HealthcareService"
    ],
    "http://interop.esante.gouv.fr/ig/fhir/as03/StructureDefinition/HealthcareService-AuthorizationNumberARHGOS": [
      "HealthcareService"
    ],
    "http://interop.esante.gouv.fr/ig/fhir/as03/StructureDefinition/HealthcareService-DateUpdateActivity": [
      "HealthcareService"
    ],
    "http://interop.esante.gouv.fr/ig/fhir/as03/StructureDefinition/HealthcareService-DeleteAutorizationImplantation": [
      "HealthcareService"
    ],
    "http://interop.esante.gouv.fr/ig/fhir/as03/StructureDefinition/HealthcareService-ImplementationPeriod": [
      "HealthcareService"
    ],
    "http://interop.esante.gouv.fr/ig/fhir/as03/StructureDefinition/MailboxMSS": [
      "Organization",
      "Practitioner",
      "PractitionerRole"
    ],
    "http://interop.esante.gouv.fr/ig/fhir/as03/StructureDefinition/Organization-PharmacyLicence": [
      "Organization"
    ],
    "http://interop.esante.gouv.fr/ig/fhir/as03/StructureDefinition/Practitioner-Authorization": [
      "Practitioner"
    ],
    "http://interop.esante.gouv.fr/ig/fhir/as03/StructureDefinition/Practitioner-BirthPlace": [
      "Practitioner"
    ],
    "http://interop.esante.gouv.fr/ig/fhir/as03/StructureDefinition/Practitioner-DeceasedDateTime": [
      "Practitioner"
    ],
    "http://interop.esante.gouv.fr/ig/fhir/as03/StructureDefinition/Practitioner-Nationality": [
      "Practitioner"
    ],
    "http://interop.esante.gouv.fr/ig/fhir/as03/StructureDefinition/PractitionerRole-ActivityType": [
      "PractitionerRole.availableTime"
    ],
    "http://interop.esante.gouv.fr/ig/fhir/as03/StructureDefinition/PractitionerRole-AppointmentRequired": [
      "PractitionerRole.availableTime"
    ],
    "http://interop.esante.gouv.fr/ig/fhir/as03/StructureDefinition/PractitionerRole-Contracted": [
      "PractitionerRole"
    ],
    "http://interop.esante.gouv.fr/ig/fhir/as03/StructureDefinition/PractitionerRole-EducationLevel": [
      "PractitionerRole"
    ],
    "http://interop.esante.gouv.fr/ig/fhir/as03/StructureDefinition/PractitionerRole-HasCAS": [
      "PractitionerRole"
    ],
    "http://interop.esante.gouv.fr/ig/fhir/as03/StructureDefinition/PractitionerRole-HomeCare": [
      "PractitionerRole.availableTime"
    ],
    "http://interop.esante.gouv.fr/ig/fhir/as03/StructureDefinition/PractitionerRole-Name": [
      "PractitionerRole"
    ],
    "http://interop.esante.gouv.fr/ig/fhir/as03/StructureDefinition/PractitionerRole-PartOf": [
      "PractitionerRole"
    ],
    "http://interop.esante.gouv.fr/ig/fhir/as03/StructureDefinition/PractitionerRole-Registration": [
      "PractitionerRole"
    ],
    "http://interop.esante.gouv.fr/ig/fhir/as03/StructureDefinition/PractitionerRole-SmartCard": [
      "PractitionerRole"
    ],
    "http://interop.esante.gouv.fr/ig/fhir/as03/StructureDefinition/PractitionerRole-VitaleAccepted": [
      "PractitionerRole"
    ],
    "http://interopsante.org/fhir/StructureDefinition/FrAddressInseeCode": [
      "Address"
    ],
    "http://interopsante.org/fhir/StructureDefinition/FrContactPointEmailType": [
      "Organization.telecom",
      "Practitioner.telecom"
    ],
    "http://interopsante.org/fhir/StructureDefinition/FrOrganizationDescription": [
      "Organization"
    ],
    "http://interopsante.org/fhir/StructureDefinition/FrOrganizationShortName": [
      "Organization"
    ]
  }
}